ID,Prediction
25318,0
25319,1
25320,1
25321,0
25322,0
25323,0
25324,1
25325,1
25326,1
25327,1
25328,0
25329,0
25330,0
25331,1
25332,1
25333,0
25334,1
25335,1
25336,1
25337,1
25338,1
25339,0
25340,1
25341,1
25342,1
25343,0
25344,0
25345,1
25346,0
25347,0
25348,1
25349,0
25350,1
25351,1
25352,1
25353,1
25354,1
25355,1
25356,0
25357,1
25358,1
25359,1
25360,0
25361,1
25362,0
25363,0
25364,1
25365,1
25366,1
25367,0
25368,0
25369,1
25370,1
25371,1
25372,1
25373,1
25374,0
25375,0
25376,1
25377,0
25378,1
25379,0
25380,0
25381,0
25382,1
25383,1
25384,1
25385,1
25386,1
25387,0
25388,1
25389,1
25390,0
25391,0
25392,1
25393,1
25394,0
25395,1
25396,1
25397,0
25398,1
25399,1
25400,1
25401,1
25402,1
25403,1
25404,0
25405,0
25406,1
25407,1
25408,1
25409,1
25410,0
25411,1
25412,1
25413,0
25414,1
25415,0
25416,0
25417,1
25418,0
25419,1
25420,1
25421,1
25422,1
25423,1
25424,1
25425,0
25426,1
25427,1
25428,1
25429,0
25430,0
25431,0
25432,0
25433,0
25434,1
25435,1
25436,1
25437,0
25438,1
25439,0
25440,1
25441,1
25442,1
25443,0
25444,1
25445,1
25446,1
25447,0
25448,1
25449,0
25450,1
25451,1
25452,1
25453,1
25454,1
25455,1
25456,1
25457,1
25458,1
25459,1
25460,1
25461,1
25462,0
25463,1
25464,1
25465,0
25466,1
25467,0
25468,1
25469,0
25470,1
25471,1
25472,0
25473,1
25474,0
25475,1
25476,1
25477,1
25478,0
25479,1
25480,0
25481,0
25482,1
25483,1
25484,0
25485,1
25486,1
25487,0
25488,1
25489,0
25490,1
25491,0
25492,1
25493,1
25494,1
25495,1
25496,0
25497,1
25498,1
25499,1
25500,1
25501,1
25502,1
25503,1
25504,1
25505,1
25506,1
25507,1
25508,1
25509,1
25510,1
25511,1
25512,1
25513,1
25514,1
25515,0
25516,0
25517,0
25518,1
25519,1
25520,0
25521,0
25522,0
25523,0
25524,0
25525,1
25526,1
25527,1
25528,1
25529,0
25530,1
25531,1
25532,0
25533,1
25534,0
25535,1
25536,1
25537,1
25538,1
25539,1
25540,1
25541,1
25542,0
25543,1
25544,1
25545,1
25546,1
25547,1
25548,1
25549,1
25550,1
25551,1
25552,0
25553,0
25554,1
25555,1
25556,1
25557,0
25558,1
25559,1
25560,0
25561,1
25562,1
25563,1
25564,0
25565,1
25566,1
25567,1
25568,1
25569,1
25570,1
25571,1
25572,0
25573,0
25574,0
25575,1
25576,1
25577,1
25578,1
25579,1
25580,1
25581,1
25582,1
25583,0
25584,0
25585,1
25586,0
25587,0
25588,0
25589,1
25590,1
25591,1
25592,1
25593,0
25594,1
25595,1
25596,1
25597,1
25598,1
25599,0
25600,0
25601,0
25602,0
25603,1
25604,0
25605,1
25606,1
25607,1
25608,0
25609,1
25610,0
25611,1
25612,0
25613,0
25614,1
25615,1
25616,1
25617,0
25618,0
25619,1
25620,1
25621,1
25622,1
25623,0
25624,1
25625,0
25626,1
25627,1
25628,1
25629,1
25630,0
25631,1
25632,1
25633,1
25634,0
25635,1
25636,1
25637,1
25638,1
25639,1
25640,1
25641,0
25642,1
25643,1
25644,0
25645,1
25646,1
25647,0
25648,0
25649,1
25650,0
25651,0
25652,1
25653,1
25654,1
25655,0
25656,1
25657,0
25658,0
25659,1
25660,0
25661,0
25662,1
25663,0
25664,1
25665,1
25666,0
25667,0
25668,1
25669,0
25670,1
25671,1
25672,1
25673,1
25674,1
25675,1
25676,1
25677,0
25678,0
25679,1
25680,1
25681,0
25682,0
25683,0
25684,1
25685,0
25686,0
25687,1
25688,1
25689,1
25690,1
25691,1
25692,1
25693,0
25694,0
25695,1
25696,1
25697,1
25698,1
25699,0
25700,0
25701,1
25702,1
25703,1
25704,0
25705,1
25706,1
25707,1
25708,0
25709,1
25710,1
25711,0
25712,1
25713,1
25714,0
25715,1
25716,0
25717,0
25718,1
25719,0
25720,0
25721,1
25722,0
25723,1
25724,0
25725,1
25726,0
25727,1
25728,1
25729,1
25730,0
25731,1
25732,1
25733,0
25734,1
25735,1
25736,1
25737,1
25738,0
25739,1
25740,1
25741,0
25742,1
25743,1
25744,1
25745,1
25746,1
25747,1
25748,0
25749,1
25750,1
25751,0
25752,1
25753,0
25754,1
25755,1
25756,1
25757,1
25758,1
25759,1
25760,1
25761,0
25762,0
25763,1
25764,1
25765,1
25766,1
25767,1
25768,0
25769,1
25770,0
25771,1
25772,1
25773,1
25774,1
25775,1
25776,0
25777,0
25778,1
25779,1
25780,0
25781,0
25782,1
25783,0
25784,0
25785,1
25786,0
25787,0
25788,1
25789,1
25790,1
25791,0
25792,1
25793,1
25794,0
25795,1
25796,1
25797,1
25798,0
25799,1
25800,0
25801,1
25802,1
25803,1
25804,1
25805,1
25806,0
25807,1
25808,1
25809,1
25810,1
25811,0
25812,1
25813,1
25814,0
25815,0
25816,0
25817,1
25818,0
25819,1
25820,1
25821,1
25822,1
25823,0
25824,0
25825,1
25826,1
25827,1
25828,1
25829,1
25830,1
25831,1
25832,1
25833,0
25834,1
25835,1
25836,0
25837,1
25838,1
25839,0
25840,1
25841,1
25842,1
25843,1
25844,0
25845,1
25846,0
25847,0
25848,1
25849,0
25850,1
25851,0
25852,0
25853,0
25854,0
25855,1
25856,1
25857,0
25858,1
25859,1
25860,1
25861,1
25862,1
25863,1
25864,1
25865,0
25866,1
25867,1
25868,1
25869,0
25870,1
25871,1
25872,0
25873,1
25874,1
25875,1
25876,1
25877,1
25878,1
25879,1
25880,0
25881,1
25882,0
25883,1
25884,1
25885,0
25886,0
25887,1
25888,0
25889,1
25890,1
25891,1
25892,1
25893,1
25894,1
25895,0
25896,0
25897,1
25898,0
25899,0
25900,1
25901,1
25902,0
25903,0
25904,1
25905,0
25906,1
25907,0
25908,1
25909,1
25910,1
25911,1
25912,0
25913,1
25914,0
25915,1
25916,1
25917,1
25918,0
25919,0
25920,0
25921,1
25922,0
25923,0
25924,0
25925,0
25926,1
25927,1
25928,1
25929,1
25930,0
25931,1
25932,1
25933,0
25934,1
25935,1
25936,1
25937,0
25938,1
25939,1
25940,1
25941,1
25942,1
25943,0
25944,0
25945,0
25946,1
25947,1
25948,1
25949,1
25950,0
25951,1
25952,1
25953,1
25954,0
25955,1
25956,0
25957,1
25958,1
25959,0
25960,1
25961,1
25962,0
25963,1
25964,0
25965,1
25966,0
25967,1
25968,0
25969,1
25970,1
25971,1
25972,0
25973,0
25974,0
25975,0
25976,1
25977,1
25978,0
25979,1
25980,0
25981,0
25982,1
25983,0
25984,1
25985,1
25986,1
25987,0
25988,1
25989,0
25990,1
25991,0
25992,0
25993,0
25994,1
25995,1
25996,0
25997,0
25998,1
25999,0
26000,1
26001,1
26002,1
26003,0
26004,1
26005,1
26006,0
26007,0
26008,1
26009,1
26010,1
26011,0
26012,1
26013,0
26014,1
26015,1
26016,1
26017,1
26018,0
26019,1
26020,1
26021,1
26022,1
26023,1
26024,1
26025,1
26026,1
26027,0
26028,1
26029,0
26030,0
26031,0
26032,0
26033,0
26034,1
26035,1
26036,1
26037,1
26038,1
26039,1
26040,1
26041,1
26042,0
26043,1
26044,1
26045,0
26046,1
26047,1
26048,1
26049,1
26050,0
26051,1
26052,1
26053,1
26054,1
26055,0
26056,1
26057,0
26058,0
26059,1
26060,1
26061,0
26062,0
26063,1
26064,1
26065,1
26066,1
26067,1
26068,1
26069,0
26070,1
26071,0
26072,1
26073,1
26074,0
26075,1
26076,1
26077,0
26078,0
26079,1
26080,1
26081,1
26082,1
26083,1
26084,1
26085,1
26086,1
26087,1
26088,1
26089,1
26090,0
26091,1
26092,1
26093,1
26094,0
26095,0
26096,0
26097,0
26098,0
26099,0
26100,0
26101,1
26102,0
26103,0
26104,1
26105,0
26106,1
26107,0
26108,0
26109,1
26110,1
26111,1
26112,1
26113,1
26114,1
26115,1
26116,0
26117,1
26118,0
26119,1
26120,0
26121,1
26122,1
26123,0
26124,0
26125,0
26126,0
26127,1
26128,0
26129,1
26130,1
26131,1
26132,0
26133,0
26134,1
26135,1
26136,1
26137,1
26138,0
26139,1
26140,0
26141,1
26142,1
26143,0
26144,1
26145,0
26146,0
26147,0
26148,0
26149,1
26150,1
26151,1
26152,1
26153,0
26154,0
26155,1
26156,1
26157,1
26158,1
26159,0
26160,1
26161,1
26162,1
26163,1
26164,1
26165,1
26166,1
26167,0
26168,0
26169,1
26170,1
26171,1
26172,0
26173,1
26174,1
26175,1
26176,0
26177,1
26178,1
26179,1
26180,1
26181,1
26182,0
26183,0
26184,0
26185,1
26186,1
26187,0
26188,1
26189,0
26190,0
26191,1
26192,0
26193,0
26194,0
26195,1
26196,0
26197,0
26198,1
26199,0
26200,1
26201,0
26202,1
26203,0
26204,1
26205,1
26206,0
26207,1
26208,1
26209,1
26210,1
26211,1
26212,1
26213,0
26214,1
26215,0
26216,1
26217,1
26218,1
26219,1
26220,0
26221,1
26222,0
26223,1
26224,1
26225,0
26226,1
26227,0
26228,0
26229,1
26230,1
26231,1
26232,0
26233,1
26234,1
26235,0
26236,0
26237,1
26238,1
26239,1
26240,1
26241,1
26242,1
26243,1
26244,1
26245,1
26246,1
26247,1
26248,0
26249,0
26250,0
26251,1
26252,0
26253,1
26254,1
26255,1
26256,1
26257,1
26258,0
26259,1
26260,1
26261,1
26262,0
26263,1
26264,1
26265,1
26266,0
26267,1
26268,0
26269,1
26270,0
26271,1
26272,1
26273,1
26274,1
26275,1
26276,1
26277,0
26278,0
26279,1
26280,0
26281,1
26282,1
26283,0
26284,1
26285,1
26286,1
26287,0
26288,1
26289,1
26290,1
26291,1
26292,0
26293,1
26294,1
26295,1
26296,1
26297,0
26298,1
26299,1
26300,0
26301,0
26302,0
26303,0
26304,1
26305,0
26306,1
26307,1
26308,1
26309,0
26310,1
26311,1
26312,1
26313,1
26314,0
26315,0
26316,1
26317,1
26318,0
26319,1
26320,0
26321,1
26322,1
26323,0
26324,1
26325,1
26326,1
26327,1
26328,1
26329,0
26330,1
26331,0
26332,1
26333,0
26334,1
26335,1
26336,1
26337,0
26338,1
26339,1
26340,1
26341,1
26342,1
26343,1
26344,0
26345,1
26346,1
26347,1
26348,1
26349,1
26350,1
26351,0
26352,1
26353,0
26354,1
26355,1
26356,1
26357,1
26358,1
26359,1
26360,1
26361,0
26362,1
26363,1
26364,1
26365,1
26366,1
26367,1
26368,1
26369,1
26370,1
26371,0
26372,1
26373,1
26374,1
26375,0
26376,1
26377,1
26378,1
26379,0
26380,1
26381,0
26382,1
26383,1
26384,1
26385,1
26386,1
26387,1
26388,0
26389,1
26390,1
26391,1
26392,1
26393,1
26394,1
26395,0
26396,1
26397,1
26398,1
26399,1
26400,1
26401,1
26402,1
26403,1
26404,1
26405,1
26406,0
26407,1
26408,1
26409,1
26410,1
26411,1
26412,0
26413,1
26414,1
26415,1
26416,1
26417,0
26418,1
26419,1
26420,1
26421,1
26422,0
26423,0
26424,0
26425,0
26426,1
26427,1
26428,1
26429,0
26430,1
26431,0
26432,0
26433,1
26434,0
26435,1
26436,1
26437,1
26438,1
26439,1
26440,0
26441,0
26442,1
26443,1
26444,1
26445,0
26446,0
26447,0
26448,0
26449,0
26450,1
26451,1
26452,0
26453,1
26454,1
26455,1
26456,0
26457,0
26458,1
26459,0
26460,0
26461,0
26462,1
26463,1
26464,0
26465,0
26466,1
26467,1
26468,1
26469,0
26470,1
26471,1
26472,0
26473,1
26474,1
26475,1
26476,1
26477,1
26478,1
26479,0
26480,1
26481,1
26482,0
26483,1
26484,1
26485,0
26486,1
26487,1
26488,1
26489,0
26490,1
26491,1
26492,0
26493,1
26494,1
26495,0
26496,1
26497,1
26498,1
26499,1
26500,0
26501,0
26502,0
26503,0
26504,1
26505,1
26506,0
26507,1
26508,1
26509,1
26510,0
26511,1
26512,0
26513,1
26514,1
26515,1
26516,0
26517,1
26518,1
26519,1
26520,1
26521,1
26522,1
26523,0
26524,1
26525,1
26526,1
26527,1
26528,1
26529,1
26530,0
26531,1
26532,1
26533,1
26534,1
26535,1
26536,1
26537,1
26538,1
26539,1
26540,1
26541,0
26542,1
26543,1
26544,1
26545,1
26546,1
26547,1
26548,1
26549,1
26550,0
26551,1
26552,0
26553,0
26554,0
26555,1
26556,0
26557,0
26558,1
26559,1
26560,1
26561,1
26562,1
26563,1
26564,1
26565,1
26566,1
26567,1
26568,1
26569,1
26570,0
26571,1
26572,0
26573,0
26574,1
26575,1
26576,1
26577,1
26578,1
26579,1
26580,1
26581,1
26582,0
26583,1
26584,1
26585,0
26586,1
26587,1
26588,1
26589,1
26590,0
26591,1
26592,1
26593,1
26594,1
26595,1
26596,0
26597,1
26598,1
26599,0
26600,1
26601,1
26602,0
26603,1
26604,1
26605,1
26606,1
26607,1
26608,0
26609,0
26610,1
26611,0
26612,0
26613,0
26614,1
26615,1
26616,0
26617,0
26618,1
26619,0
26620,1
26621,0
26622,1
26623,1
26624,1
26625,1
26626,1
26627,1
26628,1
26629,1
26630,1
26631,1
26632,1
26633,0
26634,0
26635,1
26636,1
26637,0
26638,1
26639,0
26640,0
26641,0
26642,1
26643,0
26644,1
26645,1
26646,1
26647,1
26648,1
26649,1
26650,0
26651,1
26652,1
26653,0
26654,1
26655,1
26656,0
26657,1
26658,0
26659,1
26660,0
26661,0
26662,1
26663,0
26664,1
26665,1
26666,1
26667,0
26668,0
26669,0
26670,1
26671,1
26672,1
26673,1
26674,1
26675,0
26676,1
26677,1
26678,1
26679,1
26680,1
26681,1
26682,0
26683,1
26684,0
26685,1
26686,0
26687,1
26688,1
26689,1
26690,1
26691,1
26692,1
26693,1
26694,1
26695,1
26696,1
26697,0
26698,1
26699,1
26700,0
26701,0
26702,1
26703,1
26704,0
26705,0
26706,1
26707,0
26708,0
26709,1
26710,1
26711,0
26712,0
26713,1
26714,1
26715,1
26716,1
26717,1
26718,0
26719,0
26720,1
26721,0
26722,0
26723,0
26724,0
26725,0
26726,1
26727,0
26728,1
26729,1
26730,0
26731,0
26732,1
26733,0
26734,0
26735,1
26736,0
26737,0
26738,1
26739,1
26740,1
26741,1
26742,0
26743,0
26744,1
26745,1
26746,1
26747,1
26748,1
26749,1
26750,0
26751,1
26752,1
26753,0
26754,0
26755,1
26756,1
26757,0
26758,0
26759,0
26760,1
26761,0
26762,0
26763,1
26764,1
26765,1
26766,0
26767,0
26768,1
26769,1
26770,0
26771,1
26772,1
26773,0
26774,1
26775,0
26776,0
26777,0
26778,1
26779,1
26780,1
26781,0
26782,0
26783,0
26784,1
26785,0
26786,0
26787,1
26788,1
26789,0
26790,1
26791,1
26792,1
26793,1
26794,1
26795,1
26796,1
26797,1
26798,1
26799,1
26800,0
26801,0
26802,0
26803,0
26804,0
26805,1
26806,0
26807,1
26808,0
26809,0
26810,1
26811,0
26812,0
26813,0
26814,0
26815,1
26816,1
26817,1
26818,1
26819,1
26820,1
26821,0
26822,1
26823,0
26824,0
26825,0
26826,1
26827,1
26828,1
26829,0
26830,1
26831,1
26832,1
26833,1
26834,1
26835,0
26836,1
26837,1
26838,1
26839,0
26840,1
26841,0
26842,0
26843,1
26844,1
26845,1
26846,1
26847,1
26848,1
26849,1
26850,0
26851,0
26852,0
26853,1
26854,0
26855,0
26856,1
26857,1
26858,0
26859,0
26860,1
26861,0
26862,0
26863,1
26864,1
26865,1
26866,1
26867,0
26868,1
26869,1
26870,1
26871,0
26872,1
26873,1
26874,1
26875,1
26876,0
26877,1
26878,1
26879,0
26880,1
26881,1
26882,1
26883,1
26884,1
26885,1
26886,1
26887,0
26888,1
26889,1
26890,1
26891,1
26892,0
26893,1
26894,0
26895,0
26896,1
26897,0
26898,0
26899,1
26900,1
26901,1
26902,0
26903,0
26904,1
26905,1
26906,1
26907,1
26908,0
26909,1
26910,1
26911,1
26912,1
26913,0
26914,1
26915,1
26916,0
26917,1
26918,0
26919,0
26920,1
26921,1
26922,1
26923,0
26924,1
26925,1
26926,0
26927,1
26928,0
26929,1
26930,0
26931,0
26932,0
26933,1
26934,1
26935,0
26936,1
26937,1
26938,0
26939,1
26940,1
26941,1
26942,0
26943,1
26944,0
26945,1
26946,1
26947,0
26948,1
26949,1
26950,1
26951,0
26952,1
26953,1
26954,1
26955,1
26956,0
26957,1
26958,0
26959,1
26960,0
26961,0
26962,0
26963,1
26964,1
26965,1
26966,0
26967,1
26968,1
26969,0
26970,1
26971,1
26972,0
26973,0
26974,1
26975,1
26976,1
26977,1
26978,0
26979,1
26980,1
26981,1
26982,1
26983,0
26984,0
26985,0
26986,0
26987,1
26988,0
26989,1
26990,1
26991,0
26992,1
26993,1
26994,1
26995,1
26996,1
26997,1
26998,1
26999,1
27000,1
27001,1
27002,1
27003,1
27004,1
27005,1
27006,1
27007,1
27008,0
27009,0
27010,1
27011,1
27012,1
27013,1
27014,0
27015,0
27016,0
27017,1
27018,0
27019,1
27020,0
27021,1
27022,0
27023,0
27024,0
27025,0
27026,1
27027,1
27028,1
27029,1
27030,0
27031,1
27032,1
27033,1
27034,0
27035,1
27036,1
27037,1
27038,1
27039,0
27040,1
27041,1
27042,1
27043,1
27044,1
27045,1
27046,0
27047,1
27048,0
27049,1
27050,0
27051,1
27052,0
27053,1
27054,1
27055,1
27056,1
27057,1
27058,1
27059,1
27060,0
27061,1
27062,0
27063,0
27064,0
27065,1
27066,1
27067,0
27068,0
27069,1
27070,1
27071,1
27072,1
27073,1
27074,1
27075,1
27076,0
27077,1
27078,0
27079,1
27080,0
27081,0
27082,1
27083,1
27084,1
27085,1
27086,1
27087,1
27088,1
27089,1
27090,1
27091,0
27092,1
27093,1
27094,0
27095,0
27096,1
27097,1
27098,1
27099,1
27100,1
27101,0
27102,1
27103,1
27104,0
27105,1
27106,1
27107,1
27108,0
27109,0
27110,1
27111,0
27112,1
27113,1
27114,1
27115,1
27116,1
27117,1
27118,1
27119,1
27120,1
27121,1
27122,0
27123,1
27124,1
27125,0
27126,1
27127,1
27128,0
27129,1
27130,0
27131,0
27132,1
27133,0
27134,0
27135,0
27136,0
27137,1
27138,0
27139,1
27140,0
27141,1
27142,1
27143,1
27144,0
27145,1
27146,0
27147,1
27148,1
27149,1
27150,0
27151,1
27152,1
27153,1
27154,1
27155,0
27156,1
27157,0
27158,1
27159,1
27160,0
27161,1
27162,0
27163,1
27164,1
27165,1
27166,1
27167,1
27168,1
27169,1
27170,1
27171,1
27172,0
27173,1
27174,0
27175,1
27176,1
27177,1
27178,0
27179,1
27180,1
27181,0
27182,0
27183,0
27184,1
27185,1
27186,1
27187,1
27188,1
27189,0
27190,1
27191,1
27192,0
27193,1
27194,0
27195,0
27196,1
27197,0
27198,0
27199,0
27200,1
27201,1
27202,0
27203,1
27204,1
27205,1
27206,0
27207,1
27208,1
27209,0
27210,0
27211,0
27212,1
27213,1
27214,1
27215,1
27216,1
27217,1
27218,1
27219,1
27220,0
27221,1
27222,1
27223,1
27224,1
27225,1
27226,1
27227,1
27228,1
27229,0
27230,1
27231,1
27232,0
27233,0
27234,1
27235,1
27236,1
27237,1
27238,1
27239,1
27240,1
27241,1
27242,0
27243,1
27244,1
27245,1
27246,0
27247,0
27248,1
27249,0
27250,0
27251,1
27252,0
27253,1
27254,1
27255,1
27256,0
27257,0
27258,0
27259,1
27260,1
27261,0
27262,1
27263,1
27264,0
27265,0
27266,1
27267,1
27268,0
27269,1
27270,0
27271,0
27272,1
27273,0
27274,1
27275,1
27276,1
27277,1
27278,1
27279,1
27280,1
27281,1
27282,1
27283,1
27284,0
27285,0
27286,0
27287,0
27288,0
27289,1
27290,1
27291,0
27292,1
27293,1
27294,1
27295,1
27296,0
27297,1
27298,1
27299,1
27300,1
27301,1
27302,0
27303,1
27304,1
27305,1
27306,1
27307,0
27308,1
27309,1
27310,0
27311,1
27312,0
27313,0
27314,1
27315,1
27316,0
27317,1
27318,1
27319,1
27320,1
27321,0
27322,0
27323,1
27324,1
27325,1
27326,0
27327,1
27328,1
27329,0
27330,1
27331,1
27332,1
27333,1
27334,1
27335,0
27336,0
27337,0
27338,0
27339,1
27340,1
27341,1
27342,1
27343,1
27344,0
27345,1
27346,0
27347,1
27348,0
27349,0
27350,1
27351,1
27352,1
27353,1
27354,0
27355,1
27356,1
27357,1
27358,0
27359,1
27360,0
27361,1
27362,0
27363,1
27364,0
27365,1
27366,0
27367,1
27368,1
27369,0
27370,1
27371,1
27372,1
27373,1
27374,0
27375,1
27376,1
27377,1
27378,1
27379,1
27380,0
27381,0
27382,0
27383,1
27384,1
27385,1
27386,0
27387,1
27388,1
27389,1
27390,1
27391,1
27392,1
27393,0
27394,1
27395,1
27396,0
27397,0
27398,1
27399,0
27400,0
27401,1
27402,1
27403,1
27404,0
27405,0
27406,1
27407,1
27408,0
27409,1
27410,1
27411,1
27412,1
27413,0
27414,1
27415,0
27416,0
27417,1
27418,0
27419,1
27420,1
27421,0
27422,1
27423,1
27424,1
27425,1
27426,0
27427,1
27428,1
27429,0
27430,1
27431,0
27432,0
27433,0
27434,1
27435,1
27436,1
27437,1
27438,1
27439,1
27440,0
27441,1
27442,1
27443,1
27444,1
27445,1
27446,0
27447,1
27448,1
27449,1
27450,1
27451,0
27452,0
27453,1
27454,1
27455,0
27456,0
27457,1
27458,1
27459,1
27460,1
27461,0
27462,1
27463,1
27464,0
27465,0
27466,0
27467,0
27468,1
27469,1
27470,1
27471,1
27472,1
27473,0
27474,1
27475,1
27476,1
27477,0
27478,1
27479,1
27480,1
27481,1
27482,0
27483,1
27484,1
27485,0
27486,1
27487,0
27488,1
27489,1
27490,0
27491,1
27492,1
27493,0
27494,1
27495,0
27496,0
27497,1
27498,1
27499,1
27500,1
27501,1
27502,0
27503,1
27504,1
27505,1
27506,1
27507,1
27508,1
27509,1
27510,1
27511,1
27512,1
27513,1
27514,1
27515,1
27516,1
27517,0
27518,1
27519,1
27520,1
27521,1
27522,1
27523,1
27524,0
27525,0
27526,0
27527,0
27528,0
27529,0
27530,1
27531,1
27532,1
27533,1
27534,0
27535,0
27536,1
27537,1
27538,0
27539,1
27540,1
27541,0
27542,0
27543,1
27544,1
27545,1
27546,0
27547,0
27548,0
27549,1
27550,0
27551,1
27552,1
27553,1
27554,1
27555,1
27556,1
27557,1
27558,0
27559,1
27560,1
27561,1
27562,0
27563,1
27564,0
27565,1
27566,0
27567,1
27568,0
27569,1
27570,0
27571,1
27572,1
27573,0
27574,0
27575,1
27576,1
27577,0
27578,1
27579,1
27580,1
27581,1
27582,1
27583,1
27584,1
27585,1
27586,1
27587,1
27588,1
27589,0
27590,1
27591,0
27592,1
27593,0
27594,1
27595,1
27596,1
27597,1
27598,1
27599,0
27600,1
27601,1
27602,1
27603,1
27604,1
27605,1
27606,1
27607,1
27608,1
27609,0
27610,1
27611,1
27612,0
27613,1
27614,1
27615,1
27616,1
27617,1
27618,0
27619,1
27620,0
27621,1
27622,0
27623,1
27624,1
27625,1
27626,0
27627,1
27628,0
27629,0
27630,0
27631,0
27632,1
27633,1
27634,1
27635,0
27636,1
27637,1
27638,1
27639,0
27640,1
27641,1
27642,0
27643,0
27644,1
27645,0
27646,1
27647,1
27648,1
27649,0
27650,1
27651,1
27652,1
27653,1
27654,1
27655,1
27656,0
27657,1
27658,0
27659,1
27660,1
27661,1
27662,1
27663,1
27664,1
27665,0
27666,0
27667,0
27668,1
27669,0
27670,1
27671,0
27672,1
27673,1
27674,1
27675,1
27676,1
27677,0
27678,1
27679,0
27680,1
27681,0
27682,0
27683,1
27684,0
27685,1
27686,1
27687,0
27688,1
27689,1
27690,1
27691,0
27692,1
27693,1
27694,1
27695,1
27696,1
27697,1
27698,0
27699,1
27700,0
27701,0
27702,1
27703,1
27704,1
27705,1
27706,1
27707,1
27708,1
27709,1
27710,1
27711,1
27712,1
27713,0
27714,1
27715,1
27716,1
27717,1
27718,1
27719,1
27720,1
27721,0
27722,0
27723,1
27724,0
27725,0
27726,1
27727,1
27728,1
27729,1
27730,1
27731,1
27732,0
27733,1
27734,1
27735,1
27736,0
27737,1
27738,1
27739,1
27740,1
27741,1
27742,1
27743,1
27744,1
27745,0
27746,1
27747,0
27748,0
27749,0
27750,1
27751,1
27752,1
27753,1
27754,1
27755,1
27756,0
27757,1
27758,1
27759,0
27760,0
27761,1
27762,0
27763,1
27764,1
27765,1
27766,1
27767,1
27768,1
27769,1
27770,0
27771,1
27772,1
27773,1
27774,1
27775,1
27776,1
27777,1
27778,1
27779,0
27780,0
27781,1
27782,1
27783,1
27784,1
27785,0
27786,1
27787,0
27788,1
27789,1
27790,1
27791,0
27792,1
27793,1
27794,1
27795,1
27796,0
27797,1
27798,1
27799,1
27800,1
27801,0
27802,1
27803,0
27804,1
27805,0
27806,1
27807,0
27808,0
27809,1
27810,1
27811,1
27812,1
27813,1
27814,0
27815,0
27816,1
27817,1
27818,1
27819,0
27820,1
27821,1
27822,1
27823,1
27824,1
27825,0
27826,0
27827,0
27828,1
27829,0
27830,1
27831,0
27832,1
27833,1
27834,1
27835,1
27836,1
27837,1
27838,1
27839,1
27840,0
27841,1
27842,1
27843,1
27844,1
27845,1
27846,1
27847,1
27848,1
27849,1
27850,1
27851,0
27852,1
27853,0
27854,1
27855,1
27856,0
27857,1
27858,1
27859,0
27860,1
27861,1
27862,1
27863,1
27864,1
27865,0
27866,1
27867,0
27868,1
27869,1
27870,1
27871,0
27872,1
27873,0
27874,1
27875,1
27876,1
27877,1
27878,0
27879,1
27880,1
27881,0
27882,1
27883,1
27884,0
27885,0
27886,1
27887,1
27888,0
27889,1
27890,1
27891,1
27892,0
27893,1
27894,0
27895,1
27896,1
27897,1
27898,1
27899,0
27900,0
27901,1
27902,1
27903,0
27904,0
27905,1
27906,0
27907,1
27908,1
27909,1
27910,1
27911,0
27912,1
27913,0
27914,1
27915,1
27916,1
27917,1
27918,1
27919,1
27920,0
27921,1
27922,0
27923,1
27924,0
27925,1
27926,0
27927,1
27928,0
27929,1
27930,1
27931,0
27932,1
27933,0
27934,1
27935,1
27936,1
27937,0
27938,0
27939,0
27940,0
27941,0
27942,0
27943,0
27944,1
27945,1
27946,1
27947,1
27948,1
27949,0
27950,0
27951,0
27952,1
27953,1
27954,1
27955,1
27956,1
27957,0
27958,1
27959,0
27960,1
27961,1
27962,1
27963,1
27964,1
27965,1
27966,1
27967,1
27968,1
27969,1
27970,0
27971,1
27972,1
27973,1
27974,1
27975,1
27976,1
27977,1
27978,1
27979,1
27980,1
27981,0
27982,1
27983,0
27984,0
27985,1
27986,1
27987,1
27988,0
27989,0
27990,0
27991,1
27992,1
27993,0
27994,0
27995,0
27996,1
27997,0
27998,1
27999,0
28000,1
28001,1
28002,1
28003,1
28004,1
28005,1
28006,0
28007,1
28008,1
28009,0
28010,1
28011,0
28012,0
28013,1
28014,0
28015,0
28016,1
28017,0
28018,0
28019,0
28020,1
28021,1
28022,1
28023,0
28024,1
28025,1
28026,1
28027,0
28028,0
28029,1
28030,1
28031,0
28032,1
28033,1
28034,1
28035,1
28036,0
28037,1
28038,0
28039,1
28040,1
28041,1
28042,1
28043,0
28044,1
28045,0
28046,1
28047,0
28048,1
28049,1
28050,0
28051,1
28052,1
28053,0
28054,1
28055,1
28056,1
28057,1
28058,0
28059,1
28060,0
28061,1
28062,1
28063,1
28064,1
28065,1
28066,1
28067,1
28068,0
28069,1
28070,0
28071,1
28072,1
28073,0
28074,1
28075,1
28076,0
28077,1
28078,1
28079,1
28080,1
28081,1
28082,0
28083,1
28084,0
28085,1
28086,1
28087,1
28088,1
28089,1
28090,0
28091,1
28092,0
28093,1
28094,1
28095,1
28096,1
28097,1
28098,1
28099,1
28100,1
28101,1
28102,0
28103,1
28104,1
28105,1
28106,1
28107,1
28108,0
28109,1
28110,0
28111,1
28112,1
28113,0
28114,1
28115,1
28116,0
28117,1
28118,1
28119,1
28120,1
28121,0
28122,0
28123,0
28124,0
28125,1
28126,0
28127,0
28128,1
28129,1
28130,0
28131,0
28132,1
28133,1
28134,1
28135,1
28136,0
28137,1
28138,0
28139,1
28140,0
28141,1
28142,0
28143,1
28144,1
28145,1
28146,1
28147,1
28148,0
28149,1
28150,0
28151,1
28152,1
28153,0
28154,1
28155,1
28156,0
28157,0
28158,0
28159,1
28160,1
28161,0
28162,0
28163,1
28164,1
28165,1
28166,1
28167,1
28168,1
28169,1
28170,1
28171,0
28172,1
28173,1
28174,1
28175,1
28176,1
28177,0
28178,1
28179,1
28180,1
28181,0
28182,0
28183,1
28184,1
28185,1
28186,1
28187,0
28188,0
28189,0
28190,0
28191,0
28192,0
28193,1
28194,1
28195,1
28196,1
28197,1
28198,0
28199,0
28200,1
28201,0
28202,1
28203,1
28204,1
28205,1
28206,1
28207,1
28208,0
28209,1
28210,1
28211,1
28212,1
28213,1
28214,1
28215,1
28216,0
28217,0
28218,1
28219,0
28220,0
28221,1
28222,1
28223,1
28224,1
28225,0
28226,1
28227,1
28228,0
28229,1
28230,1
28231,0
28232,0
28233,1
28234,1
28235,1
28236,1
28237,1
28238,1
28239,1
28240,0
28241,1
28242,1
28243,0
28244,1
28245,1
28246,1
28247,0
28248,0
28249,1
28250,0
28251,0
28252,1
28253,1
28254,1
28255,1
28256,0
28257,1
28258,1
28259,1
28260,1
28261,1
28262,1
28263,1
28264,0
28265,0
28266,1
28267,1
28268,1
28269,1
28270,0
28271,0
28272,1
28273,1
28274,0
28275,0
28276,1
28277,0
28278,1
28279,0
28280,1
28281,1
28282,1
28283,0
28284,1
28285,1
28286,0
28287,1
28288,0
28289,1
28290,0
28291,1
28292,0
28293,0
28294,1
28295,1
28296,0
28297,1
28298,1
28299,0
28300,1
28301,1
28302,0
28303,1
28304,1
28305,1
28306,0
28307,1
28308,1
28309,1
28310,0
28311,1
28312,1
28313,1
28314,1
28315,0
28316,0
28317,1
28318,1
28319,0
28320,1
28321,1
28322,0
28323,1
28324,0
28325,1
28326,1
28327,1
28328,0
28329,1
28330,0
28331,0
28332,1
28333,0
28334,1
28335,1
28336,1
28337,1
28338,1
28339,1
28340,1
28341,1
28342,1
28343,0
28344,1
28345,1
28346,1
28347,1
28348,1
28349,0
28350,1
28351,1
28352,1
28353,1
28354,1
28355,1
28356,1
28357,0
28358,1
28359,1
28360,1
28361,1
28362,0
28363,0
28364,1
28365,1
28366,0
28367,1
28368,1
28369,1
28370,0
28371,1
28372,1
28373,1
28374,1
28375,1
28376,1
28377,1
28378,1
28379,1
28380,1
28381,0
28382,1
28383,1
28384,1
28385,0
28386,1
28387,1
28388,1
28389,1
28390,0
28391,1
28392,1
28393,1
28394,1
28395,1
28396,0
28397,1
28398,0
28399,1
28400,1
28401,1
28402,1
28403,1
28404,1
28405,0
28406,0
28407,1
28408,0
28409,0
28410,0
28411,1
28412,1
28413,1
28414,1
28415,1
28416,1
28417,0
28418,1
28419,1
28420,0
28421,0
28422,1
28423,1
28424,1
28425,0
28426,0
28427,0
28428,0
28429,0
28430,0
28431,0
28432,1
28433,1
28434,1
28435,1
28436,0
28437,0
28438,0
28439,1
28440,1
28441,0
28442,1
28443,1
28444,1
28445,1
28446,1
28447,1
28448,1
28449,1
28450,1
28451,1
28452,0
28453,0
28454,0
28455,1
28456,1
28457,0
28458,1
28459,1
28460,1
28461,0
28462,0
28463,1
28464,0
28465,1
28466,1
28467,0
28468,1
28469,1
28470,1
28471,1
28472,0
28473,1
28474,0
28475,0
28476,1
28477,1
28478,1
28479,1
28480,0
28481,1
28482,1
28483,1
28484,0
28485,1
28486,1
28487,0
28488,1
28489,0
28490,1
28491,1
28492,1
28493,0
28494,1
28495,1
28496,1
28497,1
28498,0
28499,0
28500,1
28501,0
28502,1
28503,0
28504,1
28505,0
28506,1
28507,1
28508,0
28509,1
28510,0
28511,1
28512,0
28513,1
28514,0
28515,1
28516,1
28517,0
28518,1
28519,1
28520,1
28521,0
28522,1
28523,1
28524,1
28525,0
28526,1
28527,0
28528,0
28529,0
28530,1
28531,1
28532,1
28533,1
28534,0
28535,0
28536,1
28537,0
28538,1
28539,1
28540,0
28541,0
28542,1
28543,1
28544,0
28545,1
28546,1
28547,0
28548,0
28549,0
28550,1
28551,1
28552,0
28553,0
28554,0
28555,0
28556,0
28557,0
28558,0
28559,1
28560,0
28561,0
28562,1
28563,1
28564,0
28565,0
28566,1
28567,0
28568,1
28569,1
28570,1
28571,1
28572,0
28573,1
28574,1
28575,0
28576,1
28577,0
28578,0
28579,0
28580,0
28581,1
28582,1
28583,1
28584,0
28585,1
28586,1
28587,1
28588,1
28589,1
28590,1
28591,1
28592,1
28593,1
28594,1
28595,1
28596,0
28597,0
28598,1
28599,1
28600,1
28601,1
28602,0
28603,1
28604,1
28605,1
28606,1
28607,1
28608,0
28609,1
28610,0
28611,1
28612,0
28613,0
28614,1
28615,0
28616,1
28617,0
28618,1
28619,0
28620,1
28621,0
28622,1
28623,1
28624,1
28625,0
28626,1
28627,0
28628,0
28629,1
28630,1
28631,1
28632,1
28633,0
28634,1
28635,0
28636,1
28637,1
28638,0
28639,1
28640,1
28641,1
28642,1
28643,1
28644,1
28645,1
28646,0
28647,0
28648,1
28649,1
28650,1
28651,1
28652,1
28653,0
28654,1
28655,1
28656,0
28657,0
28658,1
28659,1
28660,0
28661,0
28662,1
28663,1
28664,0
28665,1
28666,1
28667,1
28668,0
28669,0
28670,1
28671,0
28672,1
28673,1
28674,0
28675,1
28676,1
28677,0
28678,0
28679,1
28680,1
28681,0
28682,1
28683,0
28684,1
28685,1
28686,0
28687,1
28688,1
28689,1
28690,1
28691,1
28692,0
28693,0
28694,1
28695,0
28696,1
28697,1
28698,1
28699,0
28700,1
28701,1
28702,1
28703,0
28704,0
28705,0
28706,1
28707,1
28708,0
28709,1
28710,0
28711,1
28712,1
28713,1
28714,0
28715,1
28716,0
28717,1
28718,1
28719,0
28720,1
28721,1
28722,1
28723,1
28724,0
28725,1
28726,1
28727,1
28728,1
28729,0
28730,0
28731,1
28732,1
28733,0
28734,0
28735,1
28736,0
28737,0
28738,1
28739,1
28740,1
28741,1
28742,1
28743,0
28744,1
28745,1
28746,1
28747,0
28748,1
28749,0
28750,0
28751,1
28752,0
28753,1
28754,1
28755,1
28756,1
28757,0
28758,1
28759,1
28760,1
28761,1
28762,1
28763,1
28764,0
28765,0
28766,0
28767,1
28768,1
28769,0
28770,1
28771,1
28772,1
28773,1
28774,0
28775,1
28776,1
28777,1
28778,1
28779,0
28780,1
28781,1
28782,1
28783,1
28784,1
28785,0
28786,1
28787,1
28788,1
28789,0
28790,0
28791,1
28792,0
28793,1
28794,0
28795,0
28796,0
28797,1
28798,1
28799,1
28800,0
28801,1
28802,0
28803,0
28804,1
28805,1
28806,0
28807,1
28808,1
28809,0
28810,0
28811,1
28812,0
28813,0
28814,1
28815,0
28816,1
28817,0
28818,1
28819,0
28820,1
28821,1
28822,1
28823,1
28824,1
28825,1
28826,1
28827,1
28828,1
28829,0
28830,1
28831,1
28832,1
28833,0
28834,1
28835,1
28836,1
28837,1
28838,0
28839,1
28840,1
28841,1
28842,1
28843,1
28844,0
28845,1
28846,0
28847,1
28848,1
28849,1
28850,1
28851,0
28852,1
28853,0
28854,1
28855,1
28856,1
28857,1
28858,0
28859,0
28860,1
28861,1
28862,0
28863,1
28864,1
28865,0
28866,0
28867,1
28868,1
28869,1
28870,0
28871,0
28872,1
28873,1
28874,0
28875,0
28876,1
28877,0
28878,1
28879,1
28880,1
28881,0
28882,1
28883,1
28884,0
28885,0
28886,1
28887,1
28888,0
28889,0
28890,1
28891,1
28892,1
28893,0
28894,0
28895,1
28896,0
28897,1
28898,0
28899,0
28900,1
28901,0
28902,0
28903,0
28904,1
28905,1
28906,0
28907,1
28908,0
28909,0
28910,1
28911,1
28912,1
28913,1
28914,1
28915,0
28916,0
28917,0
28918,1
28919,0
28920,1
28921,1
28922,1
28923,0
28924,1
28925,0
28926,1
28927,1
28928,0
28929,0
28930,1
28931,1
28932,0
28933,1
28934,1
28935,1
28936,1
28937,0
28938,1
28939,1
28940,1
28941,1
28942,1
28943,1
28944,0
28945,1
28946,1
28947,1
28948,0
28949,1
28950,0
28951,1
28952,1
28953,1
28954,1
28955,1
28956,1
28957,0
28958,1
28959,0
28960,1
28961,1
28962,1
28963,0
28964,1
28965,1
28966,1
28967,1
28968,0
28969,1
28970,1
28971,1
28972,1
28973,0
28974,1
28975,1
28976,0
28977,1
28978,1
28979,1
28980,0
28981,1
28982,0
28983,1
28984,1
28985,1
28986,0
28987,1
28988,1
28989,1
28990,0
28991,0
28992,1
28993,0
28994,1
28995,0
28996,0
28997,1
28998,0
28999,1
29000,1
29001,1
29002,0
29003,0
29004,1
29005,1
29006,1
29007,1
29008,0
29009,0
29010,1
29011,1
29012,1
29013,1
29014,1
29015,1
29016,1
29017,1
29018,0
29019,0
29020,0
29021,1
29022,1
29023,1
29024,1
29025,0
29026,1
29027,0
29028,1
29029,1
29030,1
29031,1
29032,1
29033,1
29034,1
29035,0
29036,1
29037,0
29038,1
29039,1
29040,1
29041,0
29042,1
29043,1
29044,0
29045,1
29046,0
29047,1
29048,1
29049,1
29050,1
29051,1
29052,1
29053,1
29054,0
29055,1
29056,1
29057,1
29058,0
29059,0
29060,1
29061,0
29062,1
29063,0
29064,1
29065,0
29066,1
29067,1
29068,0
29069,0
29070,1
29071,0
29072,1
29073,0
29074,1
29075,0
29076,0
29077,1
29078,0
29079,1
29080,1
29081,1
29082,0
29083,1
29084,1
29085,0
29086,0
29087,1
29088,0
29089,1
29090,1
29091,1
29092,1
29093,0
29094,0
29095,1
29096,1
29097,1
29098,1
29099,1
29100,0
29101,1
29102,0
29103,1
29104,1
29105,0
29106,1
29107,0
29108,1
29109,1
29110,0
29111,0
29112,1
29113,1
29114,1
29115,1
29116,1
29117,0
29118,0
29119,1
29120,1
29121,1
29122,1
29123,1
29124,1
29125,1
29126,1
29127,1
29128,1
29129,0
29130,1
29131,1
29132,1
29133,0
29134,1
29135,1
29136,1
29137,1
29138,1
29139,0
29140,1
29141,1
29142,1
29143,1
29144,1
29145,1
29146,0
29147,0
29148,1
29149,1
29150,1
29151,1
29152,0
29153,0
29154,1
29155,1
29156,1
29157,1
29158,1
29159,1
29160,1
29161,1
29162,1
29163,1
29164,1
29165,0
29166,1
29167,1
29168,1
29169,0
29170,1
29171,0
29172,1
29173,0
29174,1
29175,1
29176,0
29177,0
29178,0
29179,0
29180,0
29181,1
29182,1
29183,0
29184,0
29185,1
29186,0
29187,1
29188,0
29189,1
29190,1
29191,0
29192,0
29193,1
29194,0
29195,1
29196,0
29197,1
29198,1
29199,1
29200,1
29201,1
29202,1
29203,1
29204,1
29205,1
29206,0
29207,1
29208,1
29209,1
29210,1
29211,0
29212,1
29213,1
29214,0
29215,0
29216,1
29217,1
29218,1
29219,0
29220,1
29221,0
29222,1
29223,1
29224,1
29225,1
29226,1
29227,0
29228,0
29229,1
29230,0
29231,0
29232,1
29233,1
29234,1
29235,0
29236,0
29237,1
29238,1
29239,1
29240,1
29241,1
29242,0
29243,1
29244,1
29245,0
29246,1
29247,1
29248,0
29249,0
29250,0
29251,1
29252,1
29253,1
29254,0
29255,1
29256,1
29257,1
29258,1
29259,1
29260,0
29261,1
29262,0
29263,0
29264,1
29265,1
29266,0
29267,0
29268,0
29269,0
29270,1
29271,0
29272,1
29273,0
29274,1
29275,1
29276,1
29277,0
29278,0
29279,1
29280,0
29281,0
29282,1
29283,1
29284,0
29285,1
29286,0
29287,0
29288,1
29289,0
29290,1
29291,1
29292,0
29293,1
29294,0
29295,0
29296,1
29297,0
29298,1
29299,0
29300,0
29301,0
29302,1
29303,0
29304,1
29305,0
29306,1
29307,0
29308,1
29309,1
29310,1
29311,1
29312,1
29313,1
29314,1
29315,0
29316,1
29317,1
29318,1
29319,0
29320,0
29321,1
29322,1
29323,0
29324,1
29325,1
29326,1
29327,1
29328,1
29329,0
29330,1
29331,1
29332,1
29333,1
29334,1
29335,0
29336,1
29337,1
29338,1
29339,1
29340,1
29341,1
29342,0
29343,0
29344,1
29345,1
29346,0
29347,1
29348,1
29349,0
29350,0
29351,1
29352,1
29353,1
29354,1
29355,1
29356,0
29357,0
29358,0
29359,0
29360,0
29361,0
29362,1
29363,1
29364,1
29365,1
29366,1
29367,1
29368,0
29369,1
29370,1
29371,1
29372,0
29373,0
29374,0
29375,1
29376,1
29377,1
29378,0
29379,1
29380,1
29381,1
29382,1
29383,1
29384,0
29385,0
29386,0
29387,1
29388,0
29389,0
29390,1
29391,0
29392,0
29393,0
29394,1
29395,1
29396,0
29397,0
29398,0
29399,0
29400,0
29401,0
29402,0
29403,0
29404,1
29405,0
29406,0
29407,1
29408,1
29409,1
29410,1
29411,0
29412,1
29413,0
29414,1
29415,1
29416,1
29417,1
29418,0
29419,0
29420,1
29421,1
29422,1
29423,0
29424,1
29425,1
29426,1
29427,1
29428,0
29429,1
29430,1
29431,1
29432,0
29433,1
29434,1
29435,1
29436,1
29437,1
29438,1
29439,0
29440,1
29441,0
29442,1
29443,1
29444,1
29445,1
29446,1
29447,1
29448,0
29449,0
29450,0
29451,0
29452,0
29453,0
29454,1
29455,1
29456,1
29457,1
29458,1
29459,1
29460,1
29461,1
29462,1
29463,1
29464,1
29465,1
29466,1
29467,1
29468,0
29469,1
29470,0
29471,1
29472,1
29473,1
29474,1
29475,1
29476,1
29477,1
29478,1
29479,1
29480,0
29481,1
29482,1
29483,0
29484,0
29485,0
29486,0
29487,1
29488,0
29489,1
29490,0
29491,1
29492,1
29493,1
29494,0
29495,1
29496,1
29497,1
29498,1
29499,0
29500,0
29501,1
29502,1
29503,0
29504,1
29505,0
29506,1
29507,1
29508,1
29509,1
29510,0
29511,1
29512,0
29513,0
29514,0
29515,1
29516,0
29517,1
29518,1
29519,1
29520,1
29521,1
29522,1
29523,1
29524,0
29525,1
29526,1
29527,1
29528,0
29529,1
29530,1
29531,0
29532,1
29533,1
29534,0
29535,1
29536,0
29537,0
29538,0
29539,1
29540,1
29541,1
29542,1
29543,1
29544,1
29545,1
29546,0
29547,0
29548,0
29549,0
29550,0
29551,1
29552,1
29553,0
29554,1
29555,1
29556,0
29557,0
29558,0
29559,0
29560,1
29561,1
29562,1
29563,0
29564,1
29565,0
29566,1
29567,1
29568,0
29569,0
29570,1
29571,1
29572,0
29573,0
29574,0
29575,1
29576,0
29577,0
29578,1
29579,1
29580,1
29581,1
29582,1
29583,1
29584,1
29585,0
29586,1
29587,0
29588,1
29589,0
29590,0
29591,1
29592,0
29593,0
29594,1
29595,1
29596,1
29597,0
29598,1
29599,1
29600,1
29601,1
29602,1
29603,1
29604,1
29605,1
29606,0
29607,1
29608,1
29609,0
29610,0
29611,0
29612,1
29613,1
29614,1
29615,1
29616,1
29617,0
29618,1
29619,1
29620,1
29621,1
29622,1
29623,0
29624,1
29625,1
29626,0
29627,0
29628,0
29629,1
29630,0
29631,0
29632,0
29633,1
29634,1
29635,0
29636,0
29637,0
29638,0
29639,1
29640,1
29641,1
29642,1
29643,0
29644,1
29645,0
29646,1
29647,1
29648,1
29649,1
29650,0
29651,0
29652,1
29653,1
29654,1
29655,1
29656,1
29657,1
29658,0
29659,1
29660,0
29661,0
29662,1
29663,1
29664,1
29665,1
29666,1
29667,1
29668,1
29669,1
29670,0
29671,1
29672,1
29673,0
29674,0
29675,1
29676,0
29677,1
29678,1
29679,1
29680,0
29681,0
29682,1
29683,1
29684,1
29685,0
29686,0
29687,0
29688,0
29689,1
29690,1
29691,1
29692,1
29693,1
29694,1
29695,0
29696,1
29697,1
29698,1
29699,0
29700,1
29701,1
29702,1
29703,1
29704,1
29705,0
29706,1
29707,1
29708,1
29709,1
29710,1
29711,0
29712,0
29713,1
29714,1
29715,0
29716,1
29717,0
29718,0
29719,0
29720,1
29721,0
29722,1
29723,0
29724,1
29725,1
29726,0
29727,1
29728,1
29729,0
29730,0
29731,0
29732,0
29733,0
29734,1
29735,1
29736,1
29737,1
29738,0
29739,0
29740,1
29741,1
29742,1
29743,1
29744,1
29745,0
29746,1
29747,1
29748,0
29749,1
29750,1
29751,0
29752,1
29753,1
29754,1
29755,0
29756,1
29757,0
29758,1
29759,1
29760,1
29761,1
29762,1
29763,1
29764,1
29765,1
29766,0
29767,1
29768,1
29769,1
29770,1
29771,1
29772,1
29773,1
29774,1
29775,1
29776,1
29777,1
29778,1
29779,0
29780,1
29781,1
29782,0
29783,1
29784,0
29785,1
29786,1
29787,1
29788,0
29789,0
29790,1
29791,0
29792,1
29793,0
29794,1
29795,1
29796,0
29797,1
29798,0
29799,0
29800,0
29801,1
29802,1
29803,1
29804,0
29805,0
29806,1
29807,0
29808,0
29809,1
29810,1
29811,1
29812,1
29813,1
29814,1
29815,1
29816,1
29817,0
29818,1
29819,1
29820,1
29821,1
29822,1
29823,1
29824,0
29825,0
29826,1
29827,0
29828,1
29829,1
29830,0
29831,1
29832,0
29833,1
29834,1
29835,1
29836,1
29837,1
29838,1
29839,1
29840,1
29841,1
29842,1
29843,1
29844,1
29845,1
29846,0
29847,1
29848,0
29849,1
29850,1
29851,1
29852,1
29853,0
29854,0
29855,1
29856,0
29857,1
29858,0
29859,1
29860,0
29861,1
29862,1
29863,1
29864,1
29865,0
29866,1
29867,1
29868,1
29869,1
29870,1
29871,1
29872,0
29873,1
29874,1
29875,1
29876,1
29877,1
29878,1
29879,1
29880,1
29881,1
29882,0
29883,0
29884,0
29885,1
29886,1
29887,1
29888,0
29889,1
29890,1
29891,1
29892,0
29893,1
29894,0
29895,1
29896,1
29897,1
29898,0
29899,1
29900,1
29901,0
29902,0
29903,1
29904,1
29905,1
29906,1
29907,0
29908,1
29909,0
29910,1
29911,0
29912,1
29913,1
29914,1
29915,0
29916,1
29917,1
29918,1
29919,0
29920,1
29921,1
29922,1
29923,1
29924,1
29925,0
29926,0
29927,0
29928,1
29929,1
29930,0
29931,1
29932,0
29933,0
29934,1
29935,0
29936,0
29937,1
29938,1
29939,1
29940,1
29941,0
29942,0
29943,0
29944,1
29945,0
29946,0
29947,1
29948,1
29949,0
29950,0
29951,1
29952,1
29953,1
29954,0
29955,1
29956,1
29957,1
29958,0
29959,0
29960,1
29961,1
29962,1
29963,1
29964,0
29965,0
29966,0
29967,1
29968,1
29969,1
29970,1
29971,1
29972,0
29973,0
29974,0
29975,1
29976,0
29977,1
29978,0
29979,0
29980,1
29981,1
29982,0
29983,0
29984,0
29985,1
29986,0
29987,0
29988,1
29989,1
29990,1
29991,0
29992,1
29993,1
29994,1
29995,1
29996,1
29997,0
29998,0
29999,1
30000,1
30001,1
30002,0
30003,0
30004,1
30005,0
30006,0
30007,1
30008,0
30009,1
30010,1
30011,1
30012,1
30013,1
30014,0
30015,0
30016,1
30017,0
30018,1
30019,0
30020,1
30021,1
30022,1
30023,1
30024,0
30025,0
30026,0
30027,1
30028,1
30029,0
30030,0
30031,1
30032,1
30033,1
30034,1
30035,1
30036,1
30037,1
30038,0
30039,1
30040,1
30041,1
30042,1
30043,0
30044,1
30045,1
30046,0
30047,1
30048,1
30049,1
30050,1
30051,1
30052,1
30053,1
30054,1
30055,1
30056,0
30057,0
30058,1
30059,0
30060,1
30061,1
30062,1
30063,0
30064,0
30065,1
30066,1
30067,1
30068,1
30069,1
30070,1
30071,0
30072,1
30073,0
30074,1
30075,1
30076,1
30077,1
30078,0
30079,0
30080,1
30081,0
30082,1
30083,1
30084,1
30085,1
30086,0
30087,1
30088,0
30089,0
30090,1
30091,1
30092,0
30093,1
30094,0
30095,1
30096,0
30097,0
30098,1
30099,0
30100,1
30101,1
30102,0
30103,0
30104,0
30105,1
30106,0
30107,0
30108,0
30109,1
30110,1
30111,1
30112,1
30113,0
30114,1
30115,1
30116,1
30117,0
30118,1
30119,0
30120,1
30121,1
30122,0
30123,1
30124,0
30125,0
30126,0
30127,1
30128,1
30129,1
30130,1
30131,1
30132,0
30133,1
30134,0
30135,0
30136,1
30137,1
30138,0
30139,1
30140,1
30141,1
30142,1
30143,0
30144,1
30145,1
30146,0
30147,1
30148,1
30149,1
30150,0
30151,1
30152,1
30153,1
30154,1
30155,0
30156,1
30157,0
30158,1
30159,1
30160,0
30161,1
30162,1
30163,0
30164,0
30165,1
30166,0
30167,0
30168,0
30169,0
30170,1
30171,0
30172,1
30173,1
30174,1
30175,1
30176,1
30177,1
30178,1
30179,0
30180,0
30181,1
30182,1
30183,1
30184,1
30185,0
30186,0
30187,1
30188,0
30189,1
30190,1
30191,0
30192,1
30193,1
30194,1
30195,1
30196,1
30197,1
30198,1
30199,1
30200,1
30201,0
30202,1
30203,1
30204,1
30205,1
30206,1
30207,1
30208,1
30209,0
30210,1
30211,0
30212,1
30213,1
30214,1
30215,1
30216,1
30217,1
30218,1
30219,1
30220,1
30221,0
30222,1
30223,1
30224,1
30225,0
30226,0
30227,1
30228,1
30229,0
30230,0
30231,1
30232,0
30233,0
30234,1
30235,1
30236,0
30237,1
30238,0
30239,1
30240,0
30241,0
30242,0
30243,1
30244,1
30245,0
30246,1
30247,0
30248,0
30249,1
30250,0
30251,1
30252,0
30253,0
30254,1
30255,1
30256,1
30257,1
30258,1
30259,1
30260,1
30261,1
30262,1
30263,1
30264,1
30265,0
30266,1
30267,0
30268,1
30269,0
30270,1
30271,1
30272,0
30273,1
30274,1
30275,1
30276,1
30277,1
30278,0
30279,0
30280,0
30281,1
30282,1
30283,1
30284,0
30285,1
30286,1
30287,1
30288,1
30289,1
30290,0
30291,0
30292,0
30293,0
30294,0
30295,0
30296,0
30297,1
30298,1
30299,1
30300,1
30301,1
30302,0
30303,0
30304,1
30305,1
30306,1
30307,1
30308,1
30309,1
30310,1
30311,1
30312,1
30313,1
30314,0
30315,0
30316,0
30317,1
30318,1
30319,1
30320,1
30321,0
30322,1
30323,0
30324,0
30325,1
30326,1
30327,1
30328,1
30329,0
30330,1
30331,1
30332,1
30333,1
30334,0
30335,0
30336,0
30337,1
30338,1
30339,0
30340,1
30341,1
30342,1
30343,0
30344,1
30345,1
30346,1
30347,1
30348,1
30349,1
30350,1
30351,0
30352,0
30353,0
30354,0
30355,0
30356,0
30357,1
30358,1
30359,0
30360,1
30361,1
30362,1
30363,0
30364,1
30365,0
30366,0
30367,1
30368,0
30369,0
30370,1
30371,0
30372,0
30373,0
30374,1
30375,1
30376,1
30377,0
30378,1
30379,0
30380,0
30381,1
30382,1
30383,1
30384,0
30385,1
30386,0
30387,1
30388,1
30389,1
30390,0
30391,1
30392,0
30393,1
30394,1
30395,1
30396,1
30397,1
30398,1
30399,1
30400,0
30401,0
30402,1
30403,0
30404,0
30405,0
30406,0
30407,1
30408,0
30409,0
30410,1
30411,1
30412,0
30413,0
30414,1
30415,1
30416,1
30417,0
30418,1
30419,0
30420,0
30421,1
30422,0
30423,1
30424,1
30425,0
30426,0
30427,1
30428,0
30429,1
30430,0
30431,0
30432,1
30433,0
30434,1
30435,0
30436,1
30437,1
30438,1
30439,0
30440,0
30441,0
30442,1
30443,1
30444,1
30445,0
30446,1
30447,1
30448,1
30449,0
30450,1
30451,1
30452,1
30453,1
30454,1
30455,0
30456,1
30457,1
30458,0
30459,1
30460,1
30461,1
30462,1
30463,1
30464,1
30465,0
30466,0
30467,0
30468,1
30469,1
30470,0
30471,1
30472,1
30473,1
30474,0
30475,1
30476,1
30477,1
30478,0
30479,1
30480,1
30481,0
30482,1
30483,1
30484,1
30485,1
30486,0
30487,1
30488,0
30489,1
30490,1
30491,1
30492,1
30493,1
30494,0
30495,1
30496,0
30497,1
30498,0
30499,1
30500,0
30501,1
30502,0
30503,1
30504,0
30505,0
30506,1
30507,1
30508,1
30509,1
30510,0
30511,1
30512,1
30513,1
30514,0
30515,1
30516,0
30517,0
30518,1
30519,0
30520,1
30521,1
30522,1
30523,1
30524,1
30525,1
30526,0
30527,1
30528,1
30529,1
30530,1
30531,0
30532,0
30533,0
30534,0
30535,1
30536,0
30537,1
30538,1
30539,0
30540,1
30541,1
30542,1
30543,1
30544,1
30545,1
30546,0
30547,0
30548,0
30549,1
30550,0
30551,1
30552,0
30553,1
30554,1
30555,0
30556,0
30557,1
30558,1
30559,0
30560,1
30561,0
30562,0
30563,1
30564,0
30565,1
30566,0
30567,1
30568,1
30569,1
30570,1
30571,1
30572,1
30573,1
30574,0
30575,1
30576,1
30577,1
30578,1
30579,1
30580,0
30581,1
30582,0
30583,1
30584,1
30585,0
30586,1
30587,1
30588,0
30589,0
30590,1
30591,0
30592,0
30593,0
30594,1
30595,1
30596,0
30597,0
30598,1
30599,0
30600,1
30601,1
30602,1
30603,0
30604,1
30605,0
30606,0
30607,0
30608,1
30609,1
30610,1
30611,1
30612,1
30613,0
30614,0
30615,1
30616,1
30617,0
30618,1
30619,1
30620,1
30621,1
30622,0
30623,1
30624,1
30625,1
30626,1
30627,1
30628,1
30629,0
30630,0
30631,1
30632,1
30633,1
30634,1
30635,1
30636,0
30637,1
30638,1
30639,1
30640,1
30641,0
30642,1
30643,0
30644,0
30645,0
30646,0
30647,1
30648,1
30649,1
30650,1
30651,0
30652,1
30653,1
30654,1
30655,0
30656,0
30657,0
30658,1
30659,1
30660,1
30661,1
30662,1
30663,0
30664,0
30665,1
30666,1
30667,0
30668,1
30669,0
30670,1
30671,0
30672,1
30673,1
30674,1
30675,1
30676,0
30677,1
30678,1
30679,1
30680,0
30681,1
30682,1
30683,1
30684,1
30685,0
30686,1
30687,1
30688,0
30689,0
30690,1
30691,0
30692,1
30693,1
30694,1
30695,0
30696,0
30697,0
30698,0
30699,1
30700,1
30701,1
30702,1
30703,0
30704,0
30705,0
30706,0
30707,1
30708,1
30709,1
30710,1
30711,1
30712,1
30713,0
30714,1
30715,1
30716,0
30717,0
30718,0
30719,1
30720,1
30721,1
30722,1
30723,0
30724,0
30725,1
30726,1
30727,1
30728,1
30729,0
30730,1
30731,1
30732,1
30733,1
30734,0
30735,1
30736,1
30737,0
30738,1
30739,1
30740,1
30741,0
30742,1
30743,0
30744,0
30745,1
30746,0
30747,1
30748,1
30749,0
30750,1
30751,0
30752,1
30753,1
30754,1
30755,0
30756,1
30757,1
30758,1
30759,1
30760,0
30761,1
30762,0
30763,0
30764,1
30765,0
30766,0
30767,0
30768,0
30769,1
30770,1
30771,0
30772,1
30773,1
30774,0
30775,0
30776,1
30777,0
30778,0
30779,1
30780,1
30781,1
30782,1
30783,0
30784,1
30785,1
30786,0
30787,1
30788,1
30789,1
30790,1
30791,0
30792,0
30793,1
30794,1
30795,1
30796,1
30797,0
30798,1
30799,0
30800,1
30801,1
30802,1
30803,1
30804,1
30805,1
30806,1
30807,1
30808,1
30809,1
30810,1
30811,1
30812,0
30813,1
30814,1
30815,1
30816,1
30817,1
30818,1
30819,1
30820,1
30821,0
30822,1
30823,0
30824,1
30825,0
30826,1
30827,1
30828,0
30829,1
30830,1
30831,1
30832,1
30833,1
30834,0
30835,1
30836,0
30837,1
30838,1
30839,0
30840,0
30841,1
30842,0
30843,0
30844,1
30845,0
30846,1
30847,1
30848,0
30849,1
30850,0
30851,1
30852,1
30853,1
30854,1
30855,1
30856,1
30857,0
30858,1
30859,1
30860,1
30861,1
30862,0
30863,1
30864,1
30865,1
30866,0
30867,0
30868,1
30869,1
30870,0
30871,0
30872,1
30873,0
30874,1
30875,0
30876,1
30877,1
30878,0
30879,1
30880,0
30881,1
30882,0
30883,0
30884,1
30885,0
30886,1
30887,1
30888,1
30889,0
30890,1
30891,0
30892,1
30893,0
30894,1
30895,1
30896,0
30897,0
30898,1
30899,0
30900,1
30901,0
30902,0
30903,1
30904,0
30905,1
30906,0
30907,1
30908,1
30909,1
30910,1
30911,0
30912,1
30913,0
30914,1
30915,1
30916,0
30917,1
30918,0
30919,1
30920,0
30921,1
30922,1
30923,0
30924,1
30925,1
30926,0
30927,0
30928,1
30929,1
30930,0
30931,1
30932,1
30933,1
30934,0
30935,0
30936,1
30937,1
30938,0
30939,1
30940,0
30941,0
30942,0
30943,1
30944,0
30945,1
30946,0
30947,1
30948,0
30949,1
30950,1
30951,0
30952,1
30953,1
30954,1
30955,1
30956,1
30957,0
30958,1
30959,1
30960,1
30961,0
30962,1
30963,0
30964,0
30965,0
30966,1
30967,1
30968,1
30969,0
30970,1
30971,0
30972,0
30973,1
30974,0
30975,1
30976,1
30977,0
30978,1
30979,0
30980,1
30981,1
30982,1
30983,1
30984,0
30985,0
30986,1
30987,0
30988,1
30989,1
30990,1
30991,1
30992,1
30993,0
30994,1
30995,1
30996,1
30997,1
30998,1
30999,0
31000,1
31001,1
31002,0
31003,0
31004,1
31005,1
31006,1
31007,1
31008,1
31009,1
31010,1
31011,1
31012,0
31013,1
31014,1
31015,1
31016,1
31017,0
31018,0
31019,1
31020,1
31021,0
31022,1
31023,1
31024,1
31025,1
31026,1
31027,0
31028,1
31029,0
31030,1
31031,1
31032,0
31033,1
31034,1
31035,1
31036,1
31037,1
31038,0
31039,1
31040,1
31041,1
31042,0
31043,0
31044,1
31045,1
31046,0
31047,0
31048,1
31049,1
31050,0
31051,1
31052,1
31053,0
31054,1
31055,1
31056,0
31057,0
31058,1
31059,0
31060,1
31061,0
31062,1
31063,0
31064,0
31065,1
31066,0
31067,1
31068,1
31069,1
31070,1
31071,0
31072,1
31073,0
31074,0
31075,1
31076,1
31077,0
31078,0
31079,1
31080,1
31081,0
31082,0
31083,0
31084,1
31085,1
31086,1
31087,1
31088,1
31089,1
31090,0
31091,1
31092,1
31093,1
31094,0
31095,1
31096,0
31097,1
31098,0
31099,0
31100,1
31101,1
31102,1
31103,1
31104,1
31105,1
31106,0
31107,1
31108,1
31109,0
31110,1
31111,0
31112,1
31113,0
31114,1
31115,1
31116,1
31117,0
31118,1
31119,1
31120,1
31121,1
31122,1
31123,0
31124,0
31125,1
31126,1
31127,1
31128,1
31129,0
31130,1
31131,0
31132,1
31133,0
31134,0
31135,1
31136,0
31137,1
31138,1
31139,1
31140,1
31141,1
31142,1
31143,0
31144,1
31145,1
31146,1
31147,1
31148,1
31149,0
31150,0
31151,1
31152,0
31153,1
31154,0
31155,0
31156,1
31157,0
31158,0
31159,0
31160,0
31161,1
31162,1
31163,1
31164,0
31165,1
31166,1
31167,1
31168,1
31169,0
31170,1
31171,1
31172,1
31173,1
31174,0
31175,1
31176,1
31177,0
31178,1
31179,0
31180,1
31181,1
31182,1
31183,0
31184,0
31185,0
31186,1
31187,0
31188,1
31189,0
31190,1
31191,1
31192,1
31193,1
31194,1
31195,1
31196,1
31197,0
31198,1
31199,0
31200,1
31201,1
31202,1
31203,1
31204,1
31205,1
31206,1
31207,1
31208,1
31209,1
31210,1
31211,1
31212,1
31213,1
31214,1
31215,1
31216,0
31217,1
31218,0
31219,1
31220,0
31221,0
31222,0
31223,1
31224,0
31225,1
31226,1
31227,1
31228,1
31229,1
31230,0
31231,0
31232,1
31233,1
31234,1
31235,0
31236,1
31237,1
31238,0
31239,1
31240,1
31241,1
31242,1
31243,1
31244,1
31245,1
31246,0
31247,1
31248,1
31249,1
31250,0
31251,1
31252,0
31253,1
31254,1
31255,1
31256,1
31257,1
31258,0
31259,1
31260,1
31261,1
31262,1
31263,1
31264,0
31265,1
31266,0
31267,1
31268,1
31269,0
31270,1
31271,1
31272,1
31273,1
31274,1
31275,0
31276,0
31277,0
31278,0
31279,1
31280,0
31281,1
31282,0
31283,1
31284,1
31285,1
31286,1
31287,1
31288,1
31289,0
31290,1
31291,1
31292,1
31293,1
31294,1
31295,0
31296,0
31297,1
31298,1
31299,1
31300,1
31301,1
31302,1
31303,0
31304,0
31305,1
31306,1
31307,1
31308,1
31309,1
31310,0
31311,0
31312,1
31313,1
31314,1
31315,1
31316,1
31317,1
31318,0
31319,1
31320,1
31321,1
31322,1
31323,1
31324,0
31325,1
31326,1
31327,0
31328,1
31329,1
31330,0
31331,1
31332,0
31333,1
31334,1
31335,1
31336,1
31337,1
31338,1
31339,1
31340,1
31341,0
31342,1
31343,1
31344,1
31345,0
31346,1
31347,1
31348,1
31349,1
31350,1
31351,1
31352,1
31353,1
31354,0
31355,1
31356,1
31357,1
31358,1
31359,1
31360,1
31361,1
31362,0
31363,0
31364,1
31365,1
31366,0
31367,0
31368,1
31369,0
31370,1
31371,0
31372,0
31373,1
31374,0
31375,1
31376,1
31377,0
31378,0
31379,0
31380,1
31381,1
31382,0
31383,1
31384,1
31385,1
31386,1
31387,1
31388,1
31389,0
31390,1
31391,1
31392,1
31393,1
31394,0
31395,1
31396,0
31397,0
31398,0
31399,0
31400,1
31401,1
31402,0
31403,1
31404,0
31405,1
31406,1
31407,1
31408,1
31409,0
31410,0
31411,1
31412,1
31413,1
31414,1
31415,1
31416,1
31417,1
31418,1
31419,1
31420,1
31421,1
31422,0
31423,1
31424,1
31425,1
31426,1
31427,0
31428,1
31429,1
31430,1
31431,1
31432,1
31433,0
31434,0
31435,0
31436,0
31437,1
31438,1
31439,1
31440,1
31441,1
31442,1
31443,1
31444,1
31445,1
31446,1
31447,0
31448,1
31449,0
31450,1
31451,1
31452,0
31453,0
31454,1
31455,1
31456,1
31457,1
31458,0
31459,0
31460,0
31461,0
31462,0
31463,1
31464,0
31465,0
31466,1
31467,1
31468,1
31469,1
31470,1
31471,1
31472,1
31473,1
31474,1
31475,1
31476,1
31477,1
31478,1
31479,1
31480,1
31481,0
31482,1
31483,0
31484,0
31485,0
31486,1
31487,1
31488,1
31489,1
31490,0
31491,0
31492,1
31493,1
31494,1
31495,1
31496,0
31497,1
31498,1
31499,1
31500,1
31501,1
31502,0
31503,0
31504,1
31505,1
31506,1
31507,0
31508,1
31509,0
31510,1
31511,1
31512,1
31513,1
31514,1
31515,1
31516,0
31517,1
31518,0
31519,1
31520,0
31521,1
31522,0
31523,1
31524,1
31525,0
31526,1
31527,0
31528,1
31529,0
31530,0
31531,1
31532,0
31533,1
31534,1
31535,1
31536,1
31537,1
31538,0
31539,1
31540,0
31541,1
31542,1
31543,1
31544,0
31545,1
31546,0
31547,1
31548,0
31549,0
31550,1
31551,1
31552,1
31553,1
31554,1
31555,0
31556,1
31557,1
31558,1
31559,1
31560,1
31561,1
31562,0
31563,1
31564,1
31565,1
31566,1
31567,0
31568,0
31569,0
31570,0
31571,0
31572,1
31573,0
31574,0
31575,0
31576,1
31577,1
31578,1
31579,0
31580,0
31581,1
31582,0
31583,0
31584,1
31585,0
31586,0
31587,1
31588,0
31589,1
31590,1
31591,1
31592,1
31593,1
31594,0
31595,1
31596,1
31597,0
31598,0
31599,0
31600,1
31601,1
31602,1
31603,1
31604,1
31605,1
31606,1
31607,1
31608,0
31609,0
31610,1
31611,0
31612,0
31613,1
31614,0
31615,1
31616,0
31617,0
31618,0
31619,1
31620,1
31621,1
31622,0
31623,1
31624,1
31625,1
31626,0
31627,1
31628,1
31629,0
31630,0
31631,1
31632,0
31633,1
31634,1
31635,1
31636,0
31637,1
31638,1
31639,1
31640,1
31641,1
31642,1
31643,0
31644,1
31645,1
31646,1
31647,0
31648,0
31649,1
31650,1
31651,1
31652,1
31653,1
31654,0
31655,1
31656,1
31657,0
31658,1
31659,1
31660,0
31661,0
31662,0
31663,1
31664,1
31665,1
31666,1
31667,1
31668,1
31669,0
31670,1
31671,0
31672,1
31673,1
31674,1
31675,0
31676,0
31677,0
31678,1
31679,0
31680,1
31681,1
31682,0
31683,1
31684,0
31685,1
31686,1
31687,1
31688,0
31689,1
31690,1
31691,1
31692,1
31693,1
31694,0
31695,1
31696,0
31697,1
31698,1
31699,0
31700,1
31701,1
31702,1
31703,1
31704,1
31705,0
31706,1
31707,0
31708,0
31709,1
31710,1
31711,1
31712,1
31713,1
31714,1
31715,1
31716,1
31717,1
31718,1
31719,1
31720,1
31721,1
31722,1
31723,1
31724,1
31725,1
31726,1
31727,1
31728,0
31729,0
31730,1
31731,1
31732,1
31733,1
31734,0
31735,1
31736,1
31737,1
31738,1
31739,1
31740,0
31741,1
31742,1
31743,1
31744,0
31745,0
31746,1
31747,1
31748,0
31749,1
31750,0
31751,0
31752,1
31753,1
31754,1
31755,0
31756,1
31757,1
31758,1
31759,0
31760,0
31761,0
31762,1
31763,1
31764,1
31765,1
31766,0
31767,1
31768,1
31769,0
31770,1
31771,0
31772,1
31773,0
31774,1
31775,1
31776,0
31777,1
31778,1
31779,0
31780,0
31781,1
31782,1
31783,1
31784,1
31785,1
31786,1
31787,0
31788,0
31789,0
31790,1
31791,0
31792,1
31793,1
31794,0
31795,1
31796,1
31797,0
31798,1
31799,1
31800,0
31801,0
31802,0
31803,1
31804,1
31805,0
31806,1
31807,1
31808,0
31809,1
31810,0
31811,0
31812,1
31813,1
31814,1
31815,1
31816,1
31817,1
31818,1
31819,0
31820,1
31821,0
31822,0
31823,0
31824,1
31825,0
31826,1
31827,1
31828,0
31829,0
31830,1
31831,1
31832,0
31833,0
31834,0
31835,1
31836,0
31837,0
31838,1
31839,1
31840,1
31841,0
31842,1
31843,1
31844,1
31845,1
31846,0
31847,0
31848,1
31849,1
31850,1
31851,1
31852,1
31853,0
31854,1
31855,1
31856,1
31857,0
31858,0
31859,1
31860,1
31861,0
31862,1
31863,1
31864,1
31865,1
31866,1
31867,1
31868,1
31869,1
31870,1
31871,1
31872,1
31873,1
31874,0
31875,1
31876,1
31877,0
31878,0
31879,1
31880,1
31881,1
31882,1
31883,1
31884,0
31885,1
31886,1
31887,0
31888,1
31889,1
31890,0
31891,1
31892,1
31893,0
31894,0
31895,1
31896,1
31897,0
31898,0
31899,1
31900,1
31901,1
31902,1
31903,1
31904,0
31905,1
31906,1
31907,0
31908,0
31909,1
31910,1
31911,1
31912,0
31913,1
31914,0
31915,1
31916,1
31917,1
31918,1
31919,1
31920,1
31921,0
31922,0
31923,0
31924,0
31925,1
31926,1
31927,1
31928,1
31929,0
31930,0
31931,1
31932,0
31933,0
31934,1
31935,1
31936,1
31937,0
31938,1
31939,1
31940,0
31941,1
31942,1
31943,1
31944,1
31945,0
31946,1
31947,0
31948,1
31949,1
31950,0
31951,0
31952,1
31953,1
31954,1
31955,0
31956,1
31957,1
31958,0
31959,1
31960,1
31961,1
31962,1
31963,1
31964,0
31965,0
31966,1
31967,0
31968,0
31969,1
31970,1
31971,1
31972,0
31973,0
31974,1
31975,1
31976,0
31977,1
31978,0
31979,0
31980,1
31981,1
31982,1
31983,1
31984,1
31985,1
31986,0
31987,1
31988,1
31989,1
31990,1
31991,0
31992,0
31993,1
31994,0
31995,1
31996,0
31997,0
31998,1
31999,1
32000,1
32001,1
32002,1
32003,1
32004,1
32005,0
32006,0
32007,0
32008,0
32009,0
32010,1
32011,1
32012,1
32013,1
32014,1
32015,0
32016,1
32017,1
32018,1
32019,0
32020,1
32021,1
32022,0
32023,1
32024,1
32025,1
32026,1
32027,0
32028,1
32029,1
32030,1
32031,0
32032,1
32033,0
32034,1
32035,0
32036,1
32037,1
32038,0
32039,1
32040,1
32041,1
32042,0
32043,1
32044,1
32045,1
32046,1
32047,1
32048,0
32049,0
32050,1
32051,0
32052,0
32053,1
32054,1
32055,1
32056,1
32057,1
32058,0
32059,1
32060,0
32061,1
32062,1
32063,0
32064,0
32065,0
32066,1
32067,1
32068,1
32069,0
32070,1
32071,0
32072,1
32073,1
32074,1
32075,1
32076,0
32077,0
32078,1
32079,1
32080,1
32081,0
32082,1
32083,0
32084,1
32085,1
32086,1
32087,0
32088,1
32089,0
32090,1
32091,1
32092,1
32093,1
32094,1
32095,1
32096,0
32097,0
32098,0
32099,1
32100,1
32101,1
32102,0
32103,1
32104,1
32105,1
32106,1
32107,1
32108,1
32109,1
32110,1
32111,1
32112,1
32113,0
32114,1
32115,0
32116,0
32117,0
32118,0
32119,0
32120,1
32121,1
32122,1
32123,1
32124,1
32125,1
32126,1
32127,1
32128,0
32129,0
32130,1
32131,1
32132,1
32133,0
32134,0
32135,1
32136,1
32137,0
32138,1
32139,0
32140,1
32141,1
32142,1
32143,1
32144,0
32145,1
32146,0
32147,1
32148,1
32149,1
32150,0
32151,0
32152,1
32153,1
32154,0
32155,1
32156,1
32157,0
32158,0
32159,0
32160,1
32161,0
32162,1
32163,1
32164,0
32165,1
32166,0
32167,1
32168,1
32169,1
32170,1
32171,1
32172,0
32173,0
32174,0
32175,1
32176,1
32177,1
32178,0
32179,1
32180,1
32181,1
32182,1
32183,0
32184,0
32185,1
32186,1
32187,1
32188,0
32189,0
32190,0
32191,1
32192,1
32193,0
32194,0
32195,1
32196,1
32197,1
32198,1
32199,0
32200,0
32201,0
32202,1
32203,0
32204,1
32205,1
32206,1
32207,0
32208,0
32209,1
32210,1
32211,1
32212,1
32213,1
32214,0
32215,0
32216,0
32217,1
32218,1
32219,0
32220,1
32221,0
32222,0
32223,0
32224,1
32225,0
32226,0
32227,0
32228,0
32229,1
32230,0
32231,1
32232,1
32233,0
32234,0
32235,1
32236,1
32237,0
32238,1
32239,1
32240,1
32241,1
32242,1
32243,1
32244,0
32245,0
32246,0
32247,1
32248,1
32249,1
32250,1
32251,1
32252,1
32253,0
32254,1
32255,0
32256,1
32257,0
32258,1
32259,1
32260,1
32261,1
32262,1
32263,1
32264,0
32265,1
32266,1
32267,0
32268,0
32269,0
32270,1
32271,1
32272,0
32273,1
32274,1
32275,0
32276,1
32277,1
32278,1
32279,1
32280,1
32281,1
32282,1
32283,0
32284,1
32285,0
32286,0
32287,1
32288,0
32289,1
32290,1
32291,0
32292,1
32293,1
32294,1
32295,1
32296,0
32297,0
32298,0
32299,1
32300,0
32301,1
32302,1
32303,1
32304,1
32305,1
32306,0
32307,1
32308,1
32309,1
32310,1
32311,0
32312,0
32313,0
32314,1
32315,1
32316,1
32317,1
32318,1
32319,1
32320,0
32321,1
32322,0
32323,0
32324,1
32325,1
32326,0
32327,0
32328,0
32329,0
32330,0
32331,1
32332,0
32333,0
32334,0
32335,1
32336,1
32337,0
32338,1
32339,0
32340,0
32341,1
32342,0
32343,1
32344,1
32345,0
32346,0
32347,0
32348,1
32349,1
32350,1
32351,1
32352,1
32353,1
32354,0
32355,0
32356,1
32357,0
32358,1
32359,1
32360,0
32361,0
32362,1
32363,1
32364,1
32365,1
32366,1
32367,0
32368,1
32369,1
32370,1
32371,1
32372,1
32373,1
32374,1
32375,0
32376,1
32377,0
32378,0
32379,0
32380,0
32381,0
32382,1
32383,1
32384,1
32385,1
32386,0
32387,1
32388,1
32389,1
32390,0
32391,1
32392,1
32393,0
32394,1
32395,1
32396,0
32397,1
32398,0
32399,1
32400,1
32401,1
32402,1
32403,1
32404,1
32405,1
32406,1
32407,0
32408,0
32409,0
32410,1
32411,1
32412,1
32413,1
32414,1
32415,1
32416,0
32417,1
32418,1
32419,1
32420,1
32421,1
32422,1
32423,1
32424,1
32425,0
32426,1
32427,1
32428,1
32429,1
32430,1
32431,0
32432,1
32433,1
32434,1
32435,1
32436,0
32437,1
32438,1
32439,0
32440,0
32441,1
32442,1
32443,1
32444,1
32445,1
32446,1
32447,1
32448,1
32449,1
32450,1
32451,0
32452,1
32453,0
32454,1
32455,1
32456,1
32457,1
32458,0
32459,1
32460,0
32461,1
32462,1
32463,0
32464,0
32465,1
32466,1
32467,0
32468,0
32469,1
32470,0
32471,1
32472,0
32473,1
32474,1
32475,1
32476,1
32477,1
32478,1
32479,0
32480,0
32481,1
32482,1
32483,1
32484,1
32485,1
32486,1
32487,1
32488,1
32489,1
32490,1
32491,1
32492,1
32493,1
32494,1
32495,0
32496,1
32497,1
32498,0
32499,1
32500,1
32501,1
32502,0
32503,1
32504,0
32505,0
32506,1
32507,1
32508,1
32509,1
32510,1
32511,1
32512,1
32513,1
32514,0
32515,0
32516,1
32517,0
32518,0
32519,1
32520,1
32521,1
32522,1
32523,1
32524,0
32525,0
32526,1
32527,1
32528,0
32529,0
32530,1
32531,1
32532,0
32533,1
32534,1
32535,1
32536,0
32537,1
32538,0
32539,0
32540,0
32541,0
32542,1
32543,0
32544,0
32545,1
32546,1
32547,0
32548,1
32549,0
32550,0
32551,1
32552,1
32553,1
32554,0
32555,1
32556,0
32557,1
32558,0
32559,1
32560,1
32561,1
32562,1
32563,1
32564,1
32565,1
32566,1
32567,0
32568,1
32569,1
32570,1
32571,1
32572,1
32573,0
32574,0
32575,0
32576,1
32577,1
32578,1
32579,1
32580,1
32581,1
32582,1
32583,0
32584,0
32585,1
32586,1
32587,1
32588,1
32589,0
32590,1
32591,0
32592,1
32593,0
32594,1
32595,0
32596,1
32597,0
32598,1
32599,1
32600,0
32601,1
32602,0
32603,0
32604,1
32605,1
32606,1
32607,0
32608,1
32609,0
32610,1
32611,1
32612,1
32613,1
32614,0
32615,1
32616,1
32617,0
32618,0
32619,1
32620,1
32621,1
32622,1
32623,1
32624,1
32625,1
32626,1
32627,0
32628,0
32629,1
32630,1
32631,1
32632,1
32633,0
32634,1
32635,0
32636,0
32637,0
32638,1
32639,1
32640,1
32641,1
32642,0
32643,0
32644,0
32645,1
32646,1
32647,0
32648,1
32649,0
32650,0
32651,1
32652,1
32653,0
32654,1
32655,1
32656,0
32657,1
32658,0
32659,1
32660,1
32661,1
32662,1
32663,0
32664,0
32665,1
32666,0
32667,1
32668,1
32669,1
32670,1
32671,1
32672,1
32673,1
32674,1
32675,1
32676,1
32677,1
32678,1
32679,0
32680,0
32681,1
32682,1
32683,1
32684,1
32685,1
32686,1
32687,0
32688,1
32689,0
32690,0
32691,0
32692,1
32693,0
32694,1
32695,1
32696,0
32697,0
32698,1
32699,1
32700,0
32701,0
32702,0
32703,0
32704,0
32705,0
32706,1
32707,1
32708,0
32709,1
32710,0
32711,0
32712,1
32713,1
32714,0
32715,1
32716,1
32717,1
32718,1
32719,1
32720,0
32721,1
32722,1
32723,0
32724,1
32725,1
32726,0
32727,1
32728,1
32729,1
32730,1
32731,1
32732,0
32733,1
32734,1
32735,1
32736,0
32737,1
32738,1
32739,0
32740,1
32741,1
32742,1
32743,0
32744,1
32745,1
32746,1
32747,1
32748,0
32749,0
32750,1
32751,0
32752,0
32753,1
32754,1
32755,0
32756,1
32757,1
32758,0
32759,1
32760,1
32761,1
32762,0
32763,1
32764,1
32765,1
32766,1
32767,1
32768,1
32769,1
32770,1
32771,1
32772,1
32773,0
32774,1
32775,1
32776,1
32777,1
32778,1
32779,1
32780,0
32781,1
32782,1
32783,1
32784,1
32785,1
32786,1
32787,1
32788,1
32789,1
32790,0
32791,0
32792,1
32793,1
32794,1
32795,0
32796,1
32797,1
32798,0
32799,1
32800,0
32801,1
32802,1
32803,1
32804,0
32805,1
32806,0
32807,1
32808,0
32809,1
32810,1
32811,1
32812,1
32813,0
32814,1
32815,1
32816,1
32817,1
32818,1
32819,0
32820,1
32821,0
32822,0
32823,1
32824,0
32825,1
32826,1
32827,1
32828,0
32829,0
32830,1
32831,0
32832,0
32833,1
32834,0
32835,1
32836,1
32837,0
32838,1
32839,1
32840,1
32841,1
32842,1
32843,1
32844,1
32845,1
32846,0
32847,0
32848,1
32849,1
32850,0
32851,1
32852,1
32853,1
32854,0
32855,0
32856,1
32857,1
32858,1
32859,0
32860,1
32861,1
32862,1
32863,0
32864,1
32865,1
32866,0
32867,0
32868,0
32869,1
32870,1
32871,1
32872,1
32873,1
32874,1
32875,0
32876,1
32877,1
32878,1
32879,0
32880,1
32881,0
32882,1
32883,0
32884,1
32885,1
32886,0
32887,1
32888,1
32889,1
32890,0
32891,1
32892,0
32893,1
32894,1
32895,1
32896,0
32897,1
32898,1
32899,0
32900,1
32901,1
32902,0
32903,1
32904,1
32905,1
32906,1
32907,1
32908,1
32909,1
32910,1
32911,1
32912,1
32913,1
32914,0
32915,1
32916,0
32917,1
32918,1
32919,0
32920,0
32921,1
32922,0
32923,1
32924,1
32925,1
32926,0
32927,0
32928,1
32929,1
32930,1
32931,1
32932,1
32933,0
32934,1
32935,0
32936,1
32937,1
32938,1
32939,1
32940,1
32941,1
32942,1
32943,1
32944,0
32945,0
32946,1
32947,1
32948,1
32949,1
32950,1
32951,1
32952,0
32953,0
32954,1
32955,1
32956,0
32957,0
32958,1
32959,1
32960,1
32961,1
32962,0
32963,1
32964,1
32965,1
32966,0
32967,1
32968,1
32969,0
32970,0
32971,1
32972,0
32973,0
32974,1
32975,1
32976,1
32977,1
32978,0
32979,1
32980,1
32981,0
32982,1
32983,1
32984,0
32985,1
32986,1
32987,1
32988,0
32989,0
32990,1
32991,0
32992,1
32993,1
32994,1
32995,1
32996,1
32997,0
32998,1
32999,1
33000,1
33001,1
33002,1
33003,1
33004,1
33005,1
33006,0
33007,1
33008,0
33009,0
33010,1
33011,1
33012,1
33013,1
33014,1
33015,0
33016,0
33017,1
33018,1
33019,1
33020,0
33021,0
33022,1
33023,1
33024,1
33025,1
33026,1
33027,1
33028,0
33029,1
33030,0
33031,1
33032,1
33033,1
33034,0
33035,1
33036,0
33037,0
33038,1
33039,1
33040,1
33041,1
33042,1
33043,1
33044,1
33045,1
33046,0
33047,1
33048,0
33049,0
33050,0
33051,0
33052,1
33053,0
33054,0
33055,0
33056,0
33057,1
33058,0
33059,0
33060,1
33061,1
33062,1
33063,1
33064,1
33065,1
33066,1
33067,0
33068,0
33069,1
33070,1
33071,0
33072,1
33073,0
33074,0
33075,1
33076,1
33077,0
33078,1
33079,1
33080,0
33081,1
33082,0
33083,1
33084,1
33085,1
33086,1
33087,1
33088,0
33089,1
33090,0
33091,1
33092,0
33093,1
33094,1
33095,0
33096,0
33097,0
33098,1
33099,1
33100,0
33101,0
33102,0
33103,1
33104,1
33105,0
33106,0
33107,1
33108,0
33109,1
33110,0
33111,0
33112,0
33113,1
33114,1
33115,1
33116,0
33117,1
33118,1
33119,1
33120,1
33121,0
33122,1
33123,1
33124,1
33125,0
33126,0
33127,1
33128,0
33129,1
33130,1
33131,1
33132,0
33133,1
33134,1
33135,1
33136,1
33137,1
33138,1
33139,1
33140,1
33141,1
33142,1
33143,0
33144,1
33145,1
33146,0
33147,1
33148,1
33149,0
33150,0
33151,0
33152,0
33153,0
33154,1
33155,0
33156,1
33157,1
33158,0
33159,0
33160,0
33161,0
33162,1
33163,1
33164,1
33165,1
33166,0
33167,0
33168,1
33169,1
33170,1
33171,1
33172,0
33173,1
33174,1
33175,0
33176,0
33177,1
33178,1
33179,1
33180,0
33181,1
33182,1
33183,1
33184,1
33185,1
33186,0
33187,1
33188,1
33189,1
33190,1
33191,1
33192,1
33193,1
33194,0
33195,0
33196,1
33197,0
33198,1
33199,0
33200,0
33201,0
33202,1
33203,1
33204,1
33205,1
33206,1
33207,0
33208,0
33209,1
33210,0
33211,1
33212,1
33213,0
33214,0
33215,1
33216,1
33217,0
33218,1
33219,1
33220,0
33221,1
33222,1
33223,0
33224,1
33225,1
33226,1
33227,1
33228,1
33229,1
33230,0
33231,1
33232,1
33233,1
33234,1
33235,0
33236,1
33237,1
33238,1
33239,1
33240,0
33241,1
33242,1
33243,1
33244,1
33245,1
33246,1
33247,1
33248,1
33249,1
33250,1
33251,1
33252,1
33253,1
33254,0
33255,1
33256,1
33257,0
33258,1
33259,1
33260,1
33261,1
33262,1
33263,0
33264,1
33265,1
33266,1
33267,0
33268,1
33269,0
33270,0
33271,1
33272,0
33273,0
33274,1
33275,1
33276,1
33277,1
33278,0
33279,0
33280,1
33281,1
33282,1
33283,1
33284,1
33285,0
33286,1
33287,0
33288,1
33289,1
33290,0
33291,1
33292,1
33293,1
33294,0
33295,0
33296,1
33297,1
33298,1
33299,1
33300,1
33301,0
33302,1
33303,1
33304,1
33305,1
33306,0
33307,1
33308,1
33309,0
33310,1
33311,1
33312,1
33313,1
33314,1
33315,1
33316,0
33317,0
33318,0
33319,0
33320,1
33321,0
33322,1
33323,1
33324,1
33325,0
33326,1
33327,0
33328,0
33329,1
33330,1
33331,1
33332,1
33333,0
33334,1
33335,0
33336,1
33337,1
33338,0
33339,1
33340,1
33341,1
33342,1
33343,1
33344,0
33345,1
33346,0
33347,1
33348,1
33349,0
33350,1
33351,1
33352,1
33353,1
33354,1
33355,0
33356,0
33357,0
33358,1
33359,1
33360,1
33361,1
33362,1
33363,0
33364,0
33365,1
33366,1
33367,1
33368,1
33369,1
33370,0
33371,0
33372,1
33373,1
33374,1
33375,0
33376,1
33377,1
33378,1
33379,1
33380,0
33381,1
33382,1
33383,1
33384,1
33385,1
33386,0
33387,1
33388,1
33389,0
33390,0
33391,1
33392,1
33393,1
33394,0
33395,0
33396,0
33397,0
33398,0
33399,1
33400,1
33401,1
33402,1
33403,1
33404,1
33405,1
33406,1
33407,1
33408,0
33409,0
33410,1
33411,1
33412,1
33413,1
33414,0
33415,1
33416,1
33417,1
33418,1
33419,1
33420,1
33421,1
33422,1
33423,0
33424,1
33425,0
33426,0
33427,0
33428,1
33429,1
33430,0
33431,1
33432,1
33433,0
33434,0
33435,0
33436,1
33437,1
33438,1
33439,1
33440,1
33441,1
33442,1
33443,1
33444,1
33445,1
33446,1
33447,0
33448,1
33449,1
33450,1
33451,1
33452,1
33453,0
33454,1
33455,1
33456,1
33457,1
33458,1
33459,0
33460,1
33461,0
33462,1
33463,1
33464,1
33465,1
33466,1
33467,1
33468,0
33469,0
33470,0
33471,0
33472,1
33473,1
33474,1
33475,0
33476,1
33477,1
33478,1
33479,1
33480,1
33481,1
33482,0
33483,0
33484,0
33485,0
33486,1
33487,0
33488,0
33489,1
33490,1
33491,1
33492,0
33493,0
33494,1
33495,0
33496,1
33497,1
33498,1
33499,1
33500,1
33501,0
33502,1
33503,1
33504,1
33505,0
33506,1
33507,1
33508,1
33509,1
33510,1
33511,1
33512,1
33513,0
33514,0
33515,0
33516,1
33517,1
33518,0
33519,1
33520,1
33521,0
33522,1
33523,1
33524,0
33525,1
33526,1
33527,0
33528,1
33529,0
33530,0
33531,1
33532,1
33533,0
33534,1
33535,1
33536,1
33537,1
33538,1
33539,0
33540,0
33541,1
33542,1
33543,1
33544,1
33545,1
33546,0
33547,0
33548,1
33549,1
33550,1
33551,1
33552,1
33553,0
33554,1
33555,0
33556,0
33557,1
33558,1
33559,1
33560,0
33561,1
33562,0
33563,1
33564,1
33565,1
33566,1
33567,1
33568,1
33569,1
33570,1
33571,1
33572,1
33573,1
33574,1
33575,0
33576,0
33577,0
33578,1
33579,1
33580,1
33581,0
33582,1
33583,1
33584,1
33585,1
33586,1
33587,1
33588,1
33589,1
33590,0
33591,1
33592,1
33593,1
33594,1
33595,0
33596,0
33597,0
33598,1
33599,1
33600,0
33601,1
33602,0
33603,0
33604,1
33605,1
33606,1
33607,1
33608,1
33609,1
33610,0
33611,0
33612,1
33613,0
33614,0
33615,1
33616,1
33617,1
33618,1
33619,1
33620,1
33621,1
33622,1
33623,0
33624,1
33625,1
33626,1
33627,1
33628,0
33629,0
33630,1
33631,1
33632,0
33633,1
33634,0
33635,1
33636,1
33637,0
33638,0
33639,1
33640,1
33641,1
33642,1
33643,0
33644,0
33645,1
33646,1
33647,1
33648,1
33649,1
33650,0
33651,1
33652,1
33653,1
33654,1
33655,1
33656,1
33657,0
33658,0
33659,0
33660,1
33661,1
33662,0
33663,1
33664,0
33665,1
33666,1
33667,0
33668,0
33669,1
33670,0
33671,1
33672,0
33673,1
33674,0
33675,1
33676,1
33677,1
33678,1
33679,1
33680,0
33681,0
33682,1
33683,0
33684,1
33685,1
33686,1
33687,1
33688,1
33689,1
33690,0
33691,1
33692,1
33693,1
33694,1
33695,1
33696,1
33697,1
33698,1
33699,1
33700,1
33701,1
33702,0
33703,1
33704,1
33705,1
33706,1
33707,1
33708,1
33709,1
33710,1
33711,1
33712,1
33713,1
33714,0
33715,1
33716,0
33717,1
33718,1
33719,1
33720,1
33721,1
33722,1
33723,1
33724,1
33725,1
33726,0
33727,1
33728,1
33729,1
33730,1
33731,1
33732,1
33733,0
33734,1
33735,0
33736,0
33737,1
33738,1
33739,0
33740,0
33741,0
33742,1
33743,1
33744,1
33745,1
33746,1
33747,1
33748,1
33749,0
33750,1
33751,1
33752,1
33753,1
33754,1
33755,1
33756,0
33757,1
33758,1
33759,1
33760,1
33761,1
33762,1
33763,1
33764,1
33765,1
33766,1
33767,1
33768,0
33769,0
33770,1
33771,1
33772,1
33773,1
33774,1
33775,1
33776,1
33777,1
33778,0
33779,0
33780,1
33781,1
33782,1
33783,1
33784,1
33785,1
33786,1
33787,1
33788,1
33789,0
33790,0
33791,0
33792,1
33793,1
33794,1
33795,1
33796,1
33797,1
33798,1
33799,1
33800,0
33801,1
33802,1
33803,1
33804,1
33805,1
33806,1
33807,0
33808,1
33809,0
33810,1
33811,1
33812,1
33813,1
33814,0
33815,0
33816,1
33817,1
33818,1
33819,1
33820,1
33821,1
33822,1
33823,0
33824,0
33825,0
33826,1
33827,0
33828,1
33829,0
33830,1
33831,1
33832,0
33833,1
33834,1
33835,1
33836,1
33837,0
33838,1
33839,1
33840,0
33841,1
33842,1
33843,1
33844,1
33845,0
33846,0
33847,0
33848,0
33849,1
33850,1
33851,1
33852,1
33853,0
33854,0
33855,1
33856,0
33857,1
33858,0
33859,1
33860,1
33861,1
33862,1
33863,1
33864,1
33865,1
33866,1
33867,0
33868,1
33869,0
33870,0
33871,1
33872,0
33873,0
33874,0
33875,1
33876,1
33877,1
33878,1
33879,1
33880,0
33881,1
33882,0
33883,0
33884,1
33885,1
33886,1
33887,1
33888,0
33889,1
33890,1
33891,1
33892,1
33893,0
33894,0
33895,1
33896,1
33897,1
33898,1
33899,1
33900,0
33901,0
33902,1
33903,1
33904,1
33905,0
33906,1
33907,1
33908,1
33909,1
33910,0
33911,1
33912,0
33913,1
33914,1
33915,1
33916,1
33917,1
33918,1
33919,0
33920,1
33921,0
33922,0
33923,1
33924,1
33925,0
33926,0
33927,0
33928,1
33929,1
33930,1
33931,1
33932,0
33933,0
33934,1
33935,1
33936,1
33937,1
33938,0
33939,1
33940,1
33941,0
33942,0
33943,1
33944,1
33945,1
33946,1
33947,0
33948,1
33949,0
33950,1
33951,1
33952,0
33953,0
33954,0
33955,1
33956,1
33957,1
33958,1
33959,1
33960,1
33961,1
33962,0
33963,1
33964,1
33965,0
33966,1
33967,0
33968,1
33969,0
33970,1
33971,0
33972,1
33973,1
33974,1
33975,1
33976,1
33977,1
33978,1
33979,1
33980,1
33981,1
33982,0
33983,0
33984,1
33985,1
33986,0
33987,1
33988,1
33989,0
33990,1
33991,0
33992,0
33993,1
33994,1
33995,1
33996,0
33997,1
33998,1
33999,0
34000,1
34001,1
34002,0
34003,1
34004,0
34005,1
34006,1
34007,1
34008,1
34009,1
34010,0
34011,0
34012,0
34013,1
34014,1
34015,1
34016,1
34017,1
34018,0
34019,1
34020,0
34021,0
34022,1
34023,1
34024,1
34025,1
34026,0
34027,0
34028,0
34029,1
34030,1
34031,0
34032,0
34033,0
34034,0
34035,1
34036,0
34037,0
34038,1
34039,1
34040,1
34041,1
34042,1
34043,1
34044,1
34045,0
34046,0
34047,0
34048,1
34049,1
34050,1
34051,1
34052,1
34053,1
34054,0
34055,1
34056,1
34057,1
34058,1
34059,1
34060,1
34061,1
34062,1
34063,1
34064,1
34065,1
34066,1
34067,1
34068,0
34069,0
34070,1
34071,1
34072,1
34073,1
34074,1
34075,1
34076,1
34077,1
34078,1
34079,1
34080,1
34081,0
34082,1
34083,0
34084,0
34085,0
34086,0
34087,1
34088,1
34089,0
34090,1
34091,0
34092,0
34093,1
34094,1
34095,0
34096,1
34097,1
34098,1
34099,1
34100,1
34101,1
34102,1
34103,0
34104,1
34105,1
34106,0
34107,1
34108,1
34109,1
34110,1
34111,0
34112,1
34113,1
34114,1
34115,1
34116,0
34117,0
34118,1
34119,0
34120,1
34121,0
34122,1
34123,1
34124,1
34125,0
34126,1
34127,1
34128,0
34129,1
34130,1
34131,1
34132,1
34133,1
34134,0
34135,0
34136,0
34137,1
34138,0
34139,1
34140,1
34141,1
34142,0
34143,0
34144,1
34145,1
34146,1
34147,1
34148,0
34149,1
34150,1
34151,0
34152,1
34153,0
34154,0
34155,1
34156,1
34157,1
34158,1
34159,1
34160,1
34161,1
34162,1
34163,1
34164,0
34165,1
34166,1
34167,0
34168,1
34169,0
34170,0
34171,0
34172,0
34173,0
34174,1
34175,1
34176,1
34177,1
34178,1
34179,1
34180,0
34181,1
34182,0
34183,1
34184,1
34185,1
34186,0
34187,1
34188,1
34189,0
34190,1
34191,1
34192,1
34193,0
34194,0
34195,1
34196,1
34197,1
34198,1
34199,0
34200,1
34201,0
34202,1
34203,0
34204,1
34205,1
34206,1
34207,0
34208,1
34209,1
34210,0
34211,0
34212,1
34213,1
34214,1
34215,0
34216,1
34217,1
34218,1
34219,1
34220,1
34221,0
34222,1
34223,1
34224,1
34225,0
34226,0
34227,1
34228,1
34229,0
34230,0
34231,1
34232,0
34233,0
34234,0
34235,1
34236,1
34237,0
34238,0
34239,1
34240,1
34241,1
34242,0
34243,0
34244,1
34245,0
34246,1
34247,1
34248,0
34249,1
34250,1
34251,0
34252,1
34253,1
34254,0
34255,1
34256,1
34257,1
34258,1
34259,0
34260,1
34261,0
34262,1
34263,1
34264,1
34265,0
34266,1
34267,1
34268,1
34269,1
34270,0
34271,0
34272,1
34273,1
34274,0
34275,1
34276,0
34277,1
34278,0
34279,1
34280,1
34281,0
34282,1
34283,1
34284,1
34285,1
34286,0
34287,1
34288,1
34289,0
34290,1
34291,1
34292,1
34293,1
34294,1
34295,1
34296,1
34297,1
34298,1
34299,1
34300,0
34301,0
34302,1
34303,0
34304,1
34305,0
34306,0
34307,1
34308,1
34309,1
34310,1
34311,1
34312,1
34313,1
34314,1
34315,1
34316,1
34317,1
34318,1
34319,1
34320,1
34321,1
34322,0
34323,1
34324,1
34325,1
34326,1
34327,1
34328,1
34329,0
34330,0
34331,1
34332,1
34333,1
34334,1
34335,1
34336,1
34337,1
34338,0
34339,1
34340,1
34341,1
34342,1
34343,1
34344,1
34345,1
34346,0
34347,1
34348,0
34349,1
34350,0
34351,1
34352,0
34353,0
34354,1
34355,1
34356,0
34357,0
34358,1
34359,0
34360,1
34361,1
34362,1
34363,0
34364,1
34365,0
34366,1
34367,0
34368,0
34369,0
34370,1
34371,1
34372,1
34373,1
34374,0
34375,1
34376,0
34377,0
34378,1
34379,1
34380,1
34381,0
34382,1
34383,1
34384,0
34385,1
34386,1
34387,1
34388,1
34389,0
34390,1
34391,1
34392,1
34393,1
34394,1
34395,1
34396,0
34397,1
34398,0
34399,1
34400,0
34401,1
34402,1
34403,0
34404,1
34405,0
34406,1
34407,0
34408,0
34409,1
34410,1
34411,1
34412,0
34413,1
34414,1
34415,0
34416,1
34417,0
34418,0
34419,1
34420,1
34421,1
34422,1
34423,1
34424,0
34425,1
34426,1
34427,1
34428,1
34429,0
34430,1
34431,1
34432,0
34433,1
34434,0
34435,1
34436,1
34437,1
34438,1
34439,1
34440,0
34441,1
34442,1
34443,1
34444,1
34445,1
34446,0
34447,1
34448,0
34449,1
34450,0
34451,1
34452,0
34453,0
34454,0
34455,0
34456,1
34457,1
34458,1
34459,1
34460,1
34461,0
34462,1
34463,0
34464,1
34465,0
34466,1
34467,1
34468,1
34469,0
34470,0
34471,1
34472,0
34473,1
34474,1
34475,1
34476,1
34477,0
34478,1
34479,0
34480,1
34481,0
34482,1
34483,1
34484,1
34485,1
34486,1
34487,0
34488,1
34489,1
34490,1
34491,1
34492,1
34493,1
34494,1
34495,1
34496,1
34497,0
34498,1
34499,1
34500,1
34501,0
34502,1
34503,0
34504,1
34505,0
34506,1
34507,0
34508,1
34509,0
34510,1
34511,1
34512,1
34513,1
34514,1
34515,1
34516,1
34517,1
34518,0
34519,1
34520,1
34521,1
34522,1
34523,1
34524,0
34525,1
34526,1
34527,0
34528,1
34529,0
34530,1
34531,1
34532,0
34533,1
34534,1
34535,1
34536,0
34537,0
34538,1
34539,1
34540,0
34541,1
34542,1
34543,1
34544,1
34545,0
34546,1
34547,0
34548,1
34549,0
34550,0
34551,1
34552,1
34553,1
34554,0
34555,1
34556,0
34557,0
34558,0
34559,0
34560,0
34561,1
34562,0
34563,1
34564,1
34565,0
34566,1
34567,1
34568,0
34569,1
34570,1
34571,1
34572,1
34573,0
34574,1
34575,0
34576,0
34577,1
34578,1
34579,1
34580,0
34581,1
34582,1
34583,0
34584,0
34585,1
34586,1
34587,0
34588,0
34589,0
34590,0
34591,0
34592,1
34593,1
34594,0
34595,0
34596,1
34597,1
34598,1
34599,1
34600,1
34601,1
34602,1
34603,0
34604,0
34605,0
34606,0
34607,0
34608,1
34609,0
34610,0
34611,1
34612,1
34613,1
34614,0
34615,0
34616,0
34617,0
34618,0
34619,1
34620,1
34621,1
34622,1
34623,1
34624,1
34625,1
34626,0
34627,1
34628,0
34629,1
34630,1
34631,1
34632,1
34633,0
34634,1
34635,1
34636,1
34637,1
34638,0
34639,0
34640,1
34641,0
34642,1
34643,0
34644,1
34645,1
34646,0
34647,1
34648,1
34649,1
34650,1
34651,1
34652,1
34653,1
34654,1
34655,0
34656,1
34657,1
34658,1
34659,1
34660,0
34661,1
34662,0
34663,0
34664,0
34665,0
34666,1
34667,0
34668,1
34669,1
34670,1
34671,1
34672,1
34673,0
34674,1
34675,0
34676,0
34677,0
34678,1
34679,0
34680,1
34681,0
34682,0
34683,1
34684,1
34685,0
34686,1
34687,1
34688,0
34689,1
34690,0
34691,0
34692,1
34693,1
34694,1
34695,0
34696,1
34697,1
34698,1
34699,0
34700,1
34701,1
34702,1
34703,0
34704,0
34705,1
34706,1
34707,1
34708,1
34709,0
34710,0
34711,1
34712,1
34713,1
34714,1
34715,1
34716,1
34717,1
34718,0
34719,0
34720,1
34721,0
34722,0
34723,1
34724,0
34725,1
34726,1
34727,0
34728,1
34729,0
34730,1
34731,0
34732,1
34733,1
34734,1
34735,0
34736,1
34737,0
34738,0
34739,0
34740,0
34741,0
34742,0
34743,1
34744,1
34745,1
34746,1
34747,1
34748,1
34749,0
34750,0
34751,1
34752,1
34753,0
34754,1
34755,0
34756,1
34757,1
34758,1
34759,0
34760,0
34761,1
34762,1
34763,1
34764,1
34765,1
34766,0
34767,1
34768,0
34769,1
34770,0
34771,1
34772,1
34773,1
34774,1
34775,1
34776,1
34777,1
34778,0
34779,0
34780,0
34781,1
34782,1
34783,1
34784,1
34785,1
34786,1
34787,0
34788,0
34789,0
34790,0
34791,1
34792,1
34793,1
34794,1
34795,1
34796,0
34797,1
34798,1
34799,0
34800,1
34801,0
34802,1
34803,1
34804,0
34805,1
34806,0
34807,1
34808,1
34809,1
34810,1
34811,0
34812,0
34813,0
34814,0
34815,1
34816,0
34817,1
34818,0
34819,0
34820,1
34821,1
34822,1
34823,1
34824,1
34825,0
34826,0
34827,1
34828,1
34829,1
34830,1
34831,1
34832,1
34833,0
34834,1
34835,1
34836,1
34837,1
34838,1
34839,1
34840,1
34841,1
34842,1
34843,1
34844,0
34845,1
34846,0
34847,1
34848,1
34849,1
34850,1
34851,1
34852,1
34853,1
34854,1
34855,1
34856,0
34857,1
34858,0
34859,1
34860,1
34861,1
34862,1
34863,1
34864,0
34865,1
34866,1
34867,1
34868,1
34869,1
34870,0
34871,0
34872,1
34873,1
34874,0
34875,1
34876,1
34877,1
34878,0
34879,0
34880,1
34881,0
34882,0
34883,1
34884,1
34885,1
34886,1
34887,1
34888,0
34889,1
34890,1
34891,0
34892,0
34893,1
34894,1
34895,1
34896,0
34897,1
34898,0
34899,1
34900,1
34901,1
34902,0
34903,1
34904,1
34905,1
34906,1
34907,1
34908,0
34909,1
34910,1
34911,1
34912,1
34913,0
34914,1
34915,1
34916,1
34917,1
34918,1
34919,0
34920,1
34921,0
34922,1
34923,1
34924,1
34925,0
34926,1
34927,1
34928,0
34929,0
34930,1
34931,0
34932,0
34933,1
34934,1
34935,0
34936,0
34937,0
34938,1
34939,1
34940,0
34941,1
34942,1
34943,0
34944,0
34945,1
34946,0
34947,1
34948,0
34949,0
34950,1
34951,0
34952,1
34953,1
34954,1
34955,1
34956,0
34957,0
34958,1
34959,0
34960,1
34961,1
34962,0
34963,1
34964,1
34965,1
34966,1
34967,1
34968,0
34969,1
34970,1
34971,1
34972,1
34973,1
34974,1
34975,1
34976,1
34977,0
34978,0
34979,0
34980,1
34981,1
34982,1
34983,0
34984,0
34985,1
34986,1
34987,1
34988,0
34989,1
34990,0
34991,0
34992,0
34993,0
34994,1
34995,1
34996,1
34997,0
34998,1
34999,1
35000,0
35001,1
35002,1
35003,1
35004,1
35005,1
35006,1
35007,0
35008,1
35009,1
35010,1
35011,1
35012,1
35013,0
35014,0
35015,1
35016,1
35017,1
35018,1
35019,0
35020,0
35021,0
35022,1
35023,1
35024,1
35025,1
35026,1
35027,0
35028,1
35029,1
35030,0
35031,1
35032,1
35033,0
35034,0
35035,1
35036,1
35037,0
35038,1
35039,1
35040,1
35041,1
35042,1
35043,0
35044,0
35045,1
35046,1
35047,1
35048,0
35049,1
35050,1
35051,1
35052,1
35053,1
35054,1
35055,1
35056,0
35057,1
35058,0
35059,1
35060,0
35061,1
35062,0
35063,1
35064,0
35065,0
35066,0
35067,1
35068,1
35069,1
35070,1
35071,1
35072,0
35073,1
35074,1
35075,1
35076,1
35077,1
35078,0
35079,0
35080,0
35081,1
35082,1
35083,0
35084,0
35085,1
35086,1
35087,0
35088,0
35089,1
35090,1
35091,0
35092,1
35093,1
35094,0
35095,1
35096,1
35097,1
35098,1
35099,1
35100,1
35101,1
35102,1
35103,1
35104,1
35105,1
35106,1
35107,0
35108,1
35109,0
35110,1
35111,0
35112,1
35113,1
35114,1
35115,0
35116,1
35117,0
35118,1
35119,1
35120,1
35121,1
35122,1
35123,1
35124,0
35125,1
35126,1
35127,1
35128,0
35129,1
35130,1
35131,1
35132,0
35133,0
35134,1
35135,1
35136,1
35137,1
35138,1
35139,1
35140,1
35141,1
35142,0
35143,1
35144,1
35145,0
35146,1
35147,0
35148,1
35149,1
35150,1
35151,1
35152,0
35153,0
35154,0
35155,0
35156,1
35157,0
35158,0
35159,0
35160,0
35161,0
35162,0
35163,1
35164,0
35165,0
35166,1
35167,0
35168,1
35169,1
35170,1
35171,0
35172,1
35173,1
35174,0
35175,1
35176,0
35177,0
35178,0
35179,1
35180,1
35181,1
35182,0
35183,1
35184,1
35185,1
35186,1
35187,0
35188,1
35189,1
35190,1
35191,1
35192,1
35193,0
35194,0
35195,0
35196,1
35197,1
35198,1
35199,1
35200,1
35201,1
35202,1
35203,1
35204,1
35205,1
35206,1
35207,0
35208,1
35209,1
35210,1
35211,0
35212,1
35213,1
35214,0
35215,0
35216,1
35217,1
35218,0
35219,1
35220,0
35221,0
35222,1
35223,0
35224,1
35225,0
35226,1
35227,1
35228,1
35229,1
35230,0
35231,1
35232,1
35233,0
35234,1
35235,1
35236,1
35237,1
35238,1
35239,1
35240,0
35241,0
35242,1
35243,0
35244,1
35245,1
35246,1
35247,0
35248,1
35249,1
35250,0
35251,1
35252,0
35253,1
35254,0
35255,1
35256,0
35257,1
35258,1
35259,1
35260,1
35261,1
35262,0
35263,1
35264,1
35265,1
35266,1
35267,1
35268,1
35269,1
35270,1
35271,1
35272,1
35273,0
35274,0
35275,1
35276,0
35277,0
35278,0
35279,1
35280,1
35281,1
35282,1
35283,1
35284,1
35285,0
35286,0
35287,0
35288,1
35289,0
35290,0
35291,1
35292,1
35293,0
35294,0
35295,1
35296,0
35297,0
35298,1
35299,0
35300,0
35301,1
35302,0
35303,0
35304,0
35305,1
35306,1
35307,1
35308,1
35309,0
35310,1
35311,0
35312,0
35313,0
35314,1
35315,0
35316,1
35317,1
35318,1
35319,1
35320,1
35321,1
35322,0
35323,0
35324,1
35325,1
35326,1
35327,1
35328,1
35329,0
35330,0
35331,0
35332,0
35333,0
35334,1
35335,1
35336,0
35337,1
35338,0
35339,1
35340,1
35341,0
35342,1
35343,0
35344,1
35345,1
35346,1
35347,1
35348,1
35349,1
35350,1
35351,0
35352,1
35353,1
35354,1
35355,1
35356,1
35357,1
35358,1
35359,0
35360,1
35361,1
35362,1
35363,1
35364,1
35365,0
35366,1
35367,0
35368,0
35369,1
35370,1
35371,0
35372,1
35373,0
35374,1
35375,1
35376,0
35377,1
35378,1
35379,1
35380,1
35381,1
35382,1
35383,0
35384,1
35385,1
35386,1
35387,1
35388,1
35389,1
35390,1
35391,0
35392,1
35393,0
35394,0
35395,1
35396,1
35397,1
35398,0
35399,1
35400,0
35401,0
35402,0
35403,0
35404,0
35405,1
35406,0
35407,0
35408,1
35409,0
35410,1
35411,1
35412,1
35413,1
35414,1
35415,1
35416,0
35417,0
35418,1
35419,0
35420,0
35421,0
35422,1
35423,1
35424,0
35425,1
35426,1
35427,1
35428,1
35429,0
35430,1
35431,1
35432,0
35433,1
35434,1
35435,1
35436,1
35437,1
35438,1
35439,0
35440,1
35441,1
35442,1
35443,0
35444,0
35445,1
35446,1
35447,1
35448,1
35449,0
35450,1
35451,1
35452,1
35453,1
35454,0
35455,0
35456,1
35457,1
35458,0
35459,1
35460,1
35461,1
35462,1
35463,1
35464,0
35465,1
35466,0
35467,1
35468,1
35469,1
35470,1
35471,0
35472,1
35473,1
35474,1
35475,1
35476,0
35477,1
35478,0
35479,1
35480,0
35481,0
35482,1
35483,0
35484,1
35485,0
35486,1
35487,0
35488,1
35489,1
35490,1
35491,0
35492,1
35493,1
35494,0
35495,0
35496,0
35497,1
35498,0
35499,0
35500,1
35501,1
35502,0
35503,1
35504,1
35505,1
35506,1
35507,1
35508,0
35509,0
35510,1
35511,1
35512,1
35513,1
35514,0
35515,0
35516,1
35517,0
35518,0
35519,1
35520,0
35521,0
35522,0
35523,1
35524,0
35525,1
35526,0
35527,1
35528,0
35529,1
35530,1
35531,0
35532,1
35533,1
35534,0
35535,0
35536,1
35537,1
35538,0
35539,1
35540,0
35541,0
35542,1
35543,0
35544,1
35545,0
35546,0
35547,1
35548,0
35549,1
35550,0
35551,1
35552,0
35553,0
35554,0
35555,0
35556,0
35557,1
35558,1
35559,1
35560,0
35561,1
35562,0
35563,0
35564,0
35565,1
35566,1
35567,0
35568,1
35569,1
35570,1
35571,0
35572,1
35573,0
35574,1
35575,0
35576,1
35577,1
35578,0
35579,1
35580,1
35581,1
35582,1
35583,1
35584,1
35585,1
35586,1
35587,0
35588,1
35589,0
35590,1
35591,1
35592,1
35593,0
35594,0
35595,1
35596,0
35597,1
35598,0
35599,0
35600,1
35601,1
35602,0
35603,1
35604,0
35605,1
35606,0
35607,1
35608,1
35609,1
35610,0
35611,1
35612,1
35613,0
35614,1
35615,0
35616,1
35617,1
35618,0
35619,1
35620,0
35621,1
35622,1
35623,1
35624,1
35625,1
35626,1
35627,1
35628,1
35629,0
35630,1
35631,1
35632,1
35633,1
35634,1
35635,1
35636,0
35637,1
35638,1
35639,0
35640,1
35641,0
35642,1
35643,1
35644,1
35645,0
35646,0
35647,0
35648,0
35649,1
35650,1
35651,0
35652,1
35653,0
35654,1
35655,1
35656,1
35657,0
35658,0
35659,0
35660,0
35661,0
35662,1
35663,1
35664,1
35665,1
35666,1
35667,1
35668,1
35669,1
35670,1
35671,0
35672,0
35673,0
35674,1
35675,1
35676,1
35677,0
35678,1
35679,1
35680,1
35681,1
35682,1
35683,1
35684,1
35685,0
35686,1
35687,0
35688,1
35689,1
35690,0
35691,0
35692,1
35693,1
35694,1
35695,0
35696,1
35697,1
35698,1
35699,1
35700,1
35701,1
35702,1
35703,0
35704,0
35705,0
35706,1
35707,1
35708,1
35709,1
35710,1
35711,0
35712,1
35713,0
35714,1
35715,0
35716,0
35717,1
35718,1
35719,1
35720,1
35721,0
35722,1
35723,1
35724,1
35725,1
35726,1
35727,0
35728,1
35729,1
35730,0
35731,1
35732,1
35733,0
35734,1
35735,1
35736,0
35737,0
35738,1
35739,0
35740,1
35741,1
35742,1
35743,1
35744,1
35745,1
35746,1
35747,1
35748,0
35749,0
35750,1
35751,1
35752,1
35753,1
35754,0
35755,1
35756,1
35757,1
35758,0
35759,1
35760,1
35761,0
35762,0
35763,1
35764,1
35765,0
35766,1
35767,1
35768,0
35769,1
35770,1
35771,1
35772,1
35773,0
35774,1
35775,1
35776,0
35777,0
35778,1
35779,0
35780,1
35781,1
35782,1
35783,0
35784,1
35785,0
35786,1
35787,1
35788,1
35789,0
35790,0
35791,1
35792,0
35793,0
35794,1
35795,0
35796,0
35797,0
35798,1
35799,1
35800,0
35801,0
35802,1
35803,1
35804,0
35805,1
35806,0
35807,0
35808,1
35809,1
35810,1
35811,1
35812,0
35813,1
35814,1
35815,1
35816,1
35817,1
35818,1
35819,1
35820,0
35821,1
35822,1
35823,0
35824,1
35825,1
35826,1
35827,1
35828,1
35829,0
35830,1
35831,1
35832,1
35833,0
35834,1
35835,1
35836,1
35837,1
35838,1
35839,0
35840,1
35841,0
35842,0
35843,0
35844,1
35845,1
35846,0
35847,1
35848,1
35849,1
35850,0
35851,0
35852,1
35853,1
35854,1
35855,0
35856,1
35857,0
35858,0
35859,1
35860,1
35861,1
35862,0
35863,0
35864,1
35865,1
35866,0
35867,1
35868,1
35869,0
35870,0
35871,0
35872,0
35873,1
35874,1
35875,0
35876,1
35877,0
35878,1
35879,1
35880,1
35881,1
35882,1
35883,1
35884,0
35885,1
35886,1
35887,0
35888,1
35889,1
35890,1
35891,1
35892,1
35893,1
35894,1
35895,1
35896,1
35897,0
35898,0
35899,1
35900,1
35901,0
35902,1
35903,1
35904,1
35905,0
35906,0
35907,1
35908,1
35909,1
35910,1
35911,1
35912,0
35913,0
35914,1
35915,1
35916,1
35917,1
35918,0
35919,1
35920,1
35921,1
35922,0
35923,0
35924,0
35925,1
35926,1
35927,1
35928,0
35929,0
35930,1
35931,1
35932,0
35933,1
35934,1
35935,1
35936,1
35937,1
35938,1
35939,1
35940,0
35941,0
35942,0
35943,0
35944,1
35945,0
35946,1
35947,1
35948,1
35949,1
35950,1
35951,1
35952,0
35953,1
35954,0
35955,0
35956,1
35957,0
35958,1
35959,0
35960,1
35961,1
35962,1
35963,0
35964,0
35965,1
35966,0
35967,0
35968,1
35969,1
35970,1
35971,1
35972,1
35973,1
35974,1
35975,0
35976,1
35977,0
35978,1
35979,0
35980,0
35981,0
35982,1
35983,0
35984,0
35985,0
35986,1
35987,1
35988,0
35989,1
35990,1
35991,0
35992,1
35993,0
35994,0
35995,0
35996,0
35997,1
35998,1
35999,1
36000,1
36001,1
36002,0
36003,0
36004,1
36005,0
36006,0
36007,0
36008,0
36009,0
36010,1
36011,1
36012,1
36013,0
36014,1
36015,0
36016,1
36017,0
36018,1
36019,1
36020,1
36021,1
36022,1
36023,0
36024,0
36025,0
36026,1
36027,0
36028,1
36029,0
36030,0
36031,1
36032,1
36033,0
36034,1
36035,1
36036,1
36037,1
36038,1
36039,0
36040,1
36041,0
36042,1
36043,1
36044,1
36045,1
36046,1
36047,0
36048,0
36049,0
36050,0
36051,1
36052,1
36053,1
36054,1
36055,1
36056,1
36057,1
36058,1
36059,1
36060,1
36061,0
36062,1
36063,0
36064,0
36065,1
36066,1
36067,0
36068,0
36069,0
36070,1
36071,1
36072,0
36073,1
36074,1
36075,1
36076,0
36077,1
36078,0
36079,0
36080,0
36081,0
36082,1
36083,1
36084,0
36085,0
36086,1
36087,1
36088,0
36089,0
36090,0
36091,1
36092,1
36093,1
36094,0
36095,1
36096,1
36097,1
36098,1
36099,1
36100,1
36101,0
36102,0
36103,1
36104,0
36105,0
36106,0
36107,1
36108,1
36109,1
36110,1
36111,0
36112,1
36113,0
36114,0
36115,1
36116,0
36117,1
36118,0
36119,0
36120,1
36121,0
36122,1
36123,1
36124,0
36125,0
36126,1
36127,1
36128,0
36129,1
36130,0
36131,1
36132,1
36133,1
36134,0
36135,1
36136,1
36137,1
36138,1
36139,1
36140,0
36141,1
36142,1
36143,1
36144,1
36145,1
36146,0
36147,1
36148,1
36149,1
36150,1
36151,0
36152,1
36153,1
36154,0
36155,1
36156,1
36157,0
36158,1
36159,1
36160,1
36161,0
36162,1
36163,1
36164,1
36165,1
36166,0
36167,0
36168,0
36169,1
